Points_0,Points_1,Points_2,Points_Magnitude,pred_u,t,true_u
0,0,0,0,-0.00177284,2.96,-0
0.01,0,0,0.01,-0.00989995,2.96,-0.00802948
0.02,0,0,0.02,-0.0180254,2.96,-0.0160582
0.03,0,0,0.03,-0.0261492,2.96,-0.0240852
0.04,0,0,0.04,-0.0342701,2.96,-0.0321099
0.05,0,0,0.05,-0.0423866,2.96,-0.0401313
0.06,0,0,0.06,-0.0504992,2.96,-0.0481488
0.07,0,0,0.07,-0.058606,2.96,-0.0561614
0.08,0,0,0.08,-0.066706,2.96,-0.0641684
0.09,0,0,0.09,-0.0747988,2.96,-0.072169
0.1,0,0,0.1,-0.0828838,2.96,-0.0801623
0.11,0,0,0.11,-0.0909595,2.96,-0.0881477
0.12,0,0,0.12,-0.0990253,2.96,-0.0961242
0.13,0,0,0.13,-0.10708,2.96,-0.104091
0.14,0,0,0.14,-0.115123,2.96,-0.112048
0.15,0,0,0.15,-0.123155,2.96,-0.119993
0.16,0,0,0.16,-0.131172,2.96,-0.127926
0.17,0,0,0.17,-0.139175,2.96,-0.135847
0.18,0,0,0.18,-0.147163,2.96,-0.143754
0.19,0,0,0.19,-0.155135,2.96,-0.151646
0.2,0,0,0.2,-0.16309,2.96,-0.159524
0.21,0,0,0.21,-0.171027,2.96,-0.167385
0.22,0,0,0.22,-0.178946,2.96,-0.17523
0.23,0,0,0.23,-0.186845,2.96,-0.183057
0.24,0,0,0.24,-0.194724,2.96,-0.190866
0.25,0,0,0.25,-0.202581,2.96,-0.198656
0.26,0,0,0.26,-0.210417,2.96,-0.206426
0.27,0,0,0.27,-0.21823,2.96,-0.214175
0.28,0,0,0.28,-0.226019,2.96,-0.221903
0.29,0,0,0.29,-0.233783,2.96,-0.229608
0.3,0,0,0.3,-0.241523,2.96,-0.237291
0.31,0,0,0.31,-0.249236,2.96,-0.24495
0.32,0,0,0.32,-0.256922,2.96,-0.252585
0.33,0,0,0.33,-0.264579,2.96,-0.260194
0.34,0,0,0.34,-0.272209,2.96,-0.267777
0.35,0,0,0.35,-0.279808,2.96,-0.275334
0.36,0,0,0.36,-0.287378,2.96,-0.282862
0.37,0,0,0.37,-0.294918,2.96,-0.290363
0.38,0,0,0.38,-0.302424,2.96,-0.297835
0.39,0,0,0.39,-0.309898,2.96,-0.305276
0.4,0,0,0.4,-0.31734,2.96,-0.312688
0.41,0,0,0.41,-0.324747,2.96,-0.320068
0.42,0,0,0.42,-0.332119,2.96,-0.327416
0.43,0,0,0.43,-0.339456,2.96,-0.334731
0.44,0,0,0.44,-0.346756,2.96,-0.342013
0.45,0,0,0.45,-0.354019,2.96,-0.34926
0.46,0,0,0.46,-0.361244,2.96,-0.356473
0.47,0,0,0.47,-0.368432,2.96,-0.36365
0.48,0,0,0.48,-0.37558,2.96,-0.370791
0.49,0,0,0.49,-0.382688,2.96,-0.377894
0.5,0,0,0.5,-0.389755,2.96,-0.38496
0.51,0,0,0.51,-0.396782,2.96,-0.391987
0.52,0,0,0.52,-0.403765,2.96,-0.398975
0.53,0,0,0.53,-0.410707,2.96,-0.405924
0.54,0,0,0.54,-0.417605,2.96,-0.412831
0.55,0,0,0.55,-0.424459,2.96,-0.419697
0.56,0,0,0.56,-0.431269,2.96,-0.426522
0.57,0,0,0.57,-0.438033,2.96,-0.433304
0.58,0,0,0.58,-0.444751,2.96,-0.440042
0.59,0,0,0.59,-0.451423,2.96,-0.446736
0.6,0,0,0.6,-0.458047,2.96,-0.453386
0.61,0,0,0.61,-0.464624,2.96,-0.45999
0.62,0,0,0.62,-0.471151,2.96,-0.466549
0.63,0,0,0.63,-0.47763,2.96,-0.47306
0.64,0,0,0.64,-0.484059,2.96,-0.479525
0.65,0,0,0.65,-0.490438,2.96,-0.485941
0.66,0,0,0.66,-0.496765,2.96,-0.492309
0.67,0,0,0.67,-0.50304,2.96,-0.498628
0.68,0,0,0.68,-0.509265,2.96,-0.504896
0.69,0,0,0.69,-0.515436,2.96,-0.511115
0.7,0,0,0.7,-0.521554,2.96,-0.517282
0.71,0,0,0.71,-0.527617,2.96,-0.523397
0.72,0,0,0.72,-0.533626,2.96,-0.52946
0.73,0,0,0.73,-0.53958,2.96,-0.53547
0.74,0,0,0.74,-0.545479,2.96,-0.541427
0.75,0,0,0.75,-0.551321,2.96,-0.547329
0.76,0,0,0.76,-0.557107,2.96,-0.553177
0.77,0,0,0.77,-0.562834,2.96,-0.558969
0.78,0,0,0.78,-0.568505,2.96,-0.564706
0.79,0,0,0.79,-0.574118,2.96,-0.570386
0.8,0,0,0.8,-0.579671,2.96,-0.576009
0.81,0,0,0.81,-0.585165,2.96,-0.581574
0.82,0,0,0.82,-0.590599,2.96,-0.587082
0.83,0,0,0.83,-0.595973,2.96,-0.59253
0.84,0,0,0.84,-0.601286,2.96,-0.597919
0.85,0,0,0.85,-0.606538,2.96,-0.603249
0.86,0,0,0.86,-0.611728,2.96,-0.608518
0.87,0,0,0.87,-0.616856,2.96,-0.613726
0.88,0,0,0.88,-0.621921,2.96,-0.618873
0.89,0,0,0.89,-0.626923,2.96,-0.623958
0.9,0,0,0.9,-0.631861,2.96,-0.628981
0.91,0,0,0.91,-0.636735,2.96,-0.633941
0.92,0,0,0.92,-0.641546,2.96,-0.638837
0.93,0,0,0.93,-0.64629,2.96,-0.64367
0.94,0,0,0.94,-0.65097,2.96,-0.648438
0.95,0,0,0.95,-0.655585,2.96,-0.653141
0.96,0,0,0.96,-0.660133,2.96,-0.657779
0.97,0,0,0.97,-0.664615,2.96,-0.662351
0.98,0,0,0.98,-0.669029,2.96,-0.666857
0.99,0,0,0.99,-0.673377,2.96,-0.671296
1,0,0,1,-0.677657,2.96,-0.675668
1.01,0,0,1.01,-0.68187,2.96,-0.679973
1.02,0,0,1.02,-0.686013,2.96,-0.68421
1.03,0,0,1.03,-0.690089,2.96,-0.688378
1.04,0,0,1.04,-0.694096,2.96,-0.692477
1.05,0,0,1.05,-0.698032,2.96,-0.696507
1.06,0,0,1.06,-0.7019,2.96,-0.700467
1.07,0,0,1.07,-0.705699,2.96,-0.704358
1.08,0,0,1.08,-0.709426,2.96,-0.708178
1.09,0,0,1.09,-0.713083,2.96,-0.711927
1.1,0,0,1.1,-0.716671,2.96,-0.715605
1.11,0,0,1.11,-0.720186,2.96,-0.719211
1.12,0,0,1.12,-0.723631,2.96,-0.722746
1.13,0,0,1.13,-0.727003,2.96,-0.726208
1.14,0,0,1.14,-0.730305,2.96,-0.729597
1.15,0,0,1.15,-0.733534,2.96,-0.732914
1.16,0,0,1.16,-0.736691,2.96,-0.736157
1.17,0,0,1.17,-0.739775,2.96,-0.739327
1.18,0,0,1.18,-0.742786,2.96,-0.742423
1.19,0,0,1.19,-0.745725,2.96,-0.745444
1.2,0,0,1.2,-0.74859,2.96,-0.748391
1.21,0,0,1.21,-0.751382,2.96,-0.751263
1.22,0,0,1.22,-0.754101,2.96,-0.75406
1.23,0,0,1.23,-0.756746,2.96,-0.756782
1.24,0,0,1.24,-0.759317,2.96,-0.759428
1.25,0,0,1.25,-0.761814,2.96,-0.761998
1.26,0,0,1.26,-0.764236,2.96,-0.764491
1.27,0,0,1.27,-0.766584,2.96,-0.766909
1.28,0,0,1.28,-0.768856,2.96,-0.769249
1.29,0,0,1.29,-0.771056,2.96,-0.771513
1.3,0,0,1.3,-0.773179,2.96,-0.7737
1.31,0,0,1.31,-0.775228,2.96,-0.775809
1.32,0,0,1.32,-0.777202,2.96,-0.77784
1.33,0,0,1.33,-0.779099,2.96,-0.779794
1.34,0,0,1.34,-0.780921,2.96,-0.78167
1.35,0,0,1.35,-0.782668,2.96,-0.783468
1.36,0,0,1.36,-0.784339,2.96,-0.785187
1.37,0,0,1.37,-0.785934,2.96,-0.786828
1.38,0,0,1.38,-0.787454,2.96,-0.78839
1.39,0,0,1.39,-0.788897,2.96,-0.789873
1.4,0,0,1.4,-0.790264,2.96,-0.791278
1.41,0,0,1.41,-0.791555,2.96,-0.792603
1.42,0,0,1.42,-0.792769,2.96,-0.793849
1.43,0,0,1.43,-0.793907,2.96,-0.795015
1.44,0,0,1.44,-0.794968,2.96,-0.796102
1.45,0,0,1.45,-0.795953,2.96,-0.79711
1.46,0,0,1.46,-0.796862,2.96,-0.798038
1.47,0,0,1.47,-0.797693,2.96,-0.798886
1.48,0,0,1.48,-0.798447,2.96,-0.799654
1.49,0,0,1.49,-0.799125,2.96,-0.800342
1.5,0,0,1.5,-0.799727,2.96,-0.80095
1.51,0,0,1.51,-0.800251,2.96,-0.801478
1.52,0,0,1.52,-0.800699,2.96,-0.801925
1.53,0,0,1.53,-0.801068,2.96,-0.802293
1.54,0,0,1.54,-0.801362,2.96,-0.80258
1.55,0,0,1.55,-0.801578,2.96,-0.802787
1.56,0,0,1.56,-0.801718,2.96,-0.802914
1.57,0,0,1.57,-0.80178,2.96,-0.802961
1.58,0,0,1.58,-0.801764,2.96,-0.802927
1.59,0,0,1.59,-0.801672,2.96,-0.802813
1.6,0,0,1.6,-0.801503,2.96,-0.802619
1.61,0,0,1.61,-0.801257,2.96,-0.802344
1.62,0,0,1.62,-0.800933,2.96,-0.801989
1.63,0,0,1.63,-0.800533,2.96,-0.801554
1.64,0,0,1.64,-0.800056,2.96,-0.801039
1.65,0,0,1.65,-0.7995,2.96,-0.800444
1.66,0,0,1.66,-0.798869,2.96,-0.799768
1.67,0,0,1.67,-0.798161,2.96,-0.799013
1.68,0,0,1.68,-0.797376,2.96,-0.798178
1.69,0,0,1.69,-0.796513,2.96,-0.797263
1.7,0,0,1.7,-0.795574,2.96,-0.796268
1.71,0,0,1.71,-0.794559,2.96,-0.795194
1.72,0,0,1.72,-0.793465,2.96,-0.79404
1.73,0,0,1.73,-0.792297,2.96,-0.792807
1.74,0,0,1.74,-0.79105,2.96,-0.791494
1.75,0,0,1.75,-0.789729,2.96,-0.790102
1.76,0,0,1.76,-0.788331,2.96,-0.788632
1.77,0,0,1.77,-0.786855,2.96,-0.787082
1.78,0,0,1.78,-0.785305,2.96,-0.785454
1.79,0,0,1.79,-0.783676,2.96,-0.783747
1.8,0,0,1.8,-0.781974,2.96,-0.781962
1.81,0,0,1.81,-0.780194,2.96,-0.780098
1.82,0,0,1.82,-0.778338,2.96,-0.778157
1.83,0,0,1.83,-0.776408,2.96,-0.776138
1.84,0,0,1.84,-0.774402,2.96,-0.774041
1.85,0,0,1.85,-0.77232,2.96,-0.771867
1.86,0,0,1.86,-0.770163,2.96,-0.769615
1.87,0,0,1.87,-0.767931,2.96,-0.767287
1.88,0,0,1.88,-0.765624,2.96,-0.764882
1.89,0,0,1.89,-0.763243,2.96,-0.7624
1.9,0,0,1.9,-0.760786,2.96,-0.759842
1.91,0,0,1.91,-0.758256,2.96,-0.757208
1.92,0,0,1.92,-0.75565,2.96,-0.754499
1.93,0,0,1.93,-0.752971,2.96,-0.751714
1.94,0,0,1.94,-0.750217,2.96,-0.748854
1.95,0,0,1.95,-0.747389,2.96,-0.745918
1.96,0,0,1.96,-0.74449,2.96,-0.742909
1.97,0,0,1.97,-0.741515,2.96,-0.739825
1.98,0,0,1.98,-0.738469,2.96,-0.736667
1.99,0,0,1.99,-0.735349,2.96,-0.733435
2,0,0,2,-0.732156,2.96,-0.73013
2.01,0,0,2.01,-0.728891,2.96,-0.726752
2.02,0,0,2.02,-0.725555,2.96,-0.723302
2.03,0,0,2.03,-0.722146,2.96,-0.719779
2.04,0,0,2.04,-0.718665,2.96,-0.716184
2.05,0,0,2.05,-0.715113,2.96,-0.712517
2.06,0,0,2.06,-0.71149,2.96,-0.70878
2.07,0,0,2.07,-0.707795,2.96,-0.704971
2.08,0,0,2.08,-0.704031,2.96,-0.701092
2.09,0,0,2.09,-0.700196,2.96,-0.697142
2.1,0,0,2.1,-0.696291,2.96,-0.693124
2.11,0,0,2.11,-0.692316,2.96,-0.689035
2.12,0,0,2.12,-0.688271,2.96,-0.684878
2.13,0,0,2.13,-0.684159,2.96,-0.680652
2.14,0,0,2.14,-0.679977,2.96,-0.676359
2.15,0,0,2.15,-0.675726,2.96,-0.671997
2.16,0,0,2.16,-0.671409,2.96,-0.667569
2.17,0,0,2.17,-0.667023,2.96,-0.663073
2.18,0,0,2.18,-0.662569,2.96,-0.658512
2.19,0,0,2.19,-0.658048,2.96,-0.653884
2.2,0,0,2.2,-0.653462,2.96,-0.649191
2.21,0,0,2.21,-0.648808,2.96,-0.644433
2.22,0,0,2.22,-0.644089,2.96,-0.639611
2.23,0,0,2.23,-0.639302,2.96,-0.634725
2.24,0,0,2.24,-0.634454,2.96,-0.629775
2.25,0,0,2.25,-0.62954,2.96,-0.624762
2.26,0,0,2.26,-0.624561,2.96,-0.619687
2.27,0,0,2.27,-0.619517,2.96,-0.61455
2.28,0,0,2.28,-0.61441,2.96,-0.609352
2.29,0,0,2.29,-0.609241,2.96,-0.604092
2.3,0,0,2.3,-0.60401,2.96,-0.598772
2.31,0,0,2.31,-0.598717,2.96,-0.593392
2.32,0,0,2.32,-0.59336,2.96,-0.587953
2.33,0,0,2.33,-0.587943,2.96,-0.582455
2.34,0,0,2.34,-0.582467,2.96,-0.576899
2.35,0,0,2.35,-0.576928,2.96,-0.571285
2.36,0,0,2.36,-0.571331,2.96,-0.565614
2.37,0,0,2.37,-0.565673,2.96,-0.559887
2.38,0,0,2.38,-0.559958,2.96,-0.554103
2.39,0,0,2.39,-0.554185,2.96,-0.548264
2.4,0,0,2.4,-0.548353,2.96,-0.542371
2.41,0,0,2.41,-0.542465,2.96,-0.536423
2.42,0,0,2.42,-0.536519,2.96,-0.530421
2.43,0,0,2.43,-0.530518,2.96,-0.524366
2.44,0,0,2.44,-0.524461,2.96,-0.518259
2.45,0,0,2.45,-0.51835,2.96,-0.5121
2.46,0,0,2.46,-0.512184,2.96,-0.50589
2.47,0,0,2.47,-0.505963,2.96,-0.499629
2.48,0,0,2.48,-0.49969,2.96,-0.493319
2.49,0,0,2.49,-0.493364,2.96,-0.486959
2.5,0,0,2.5,-0.486986,2.96,-0.48055
2.51,0,0,2.51,-0.480558,2.96,-0.474093
2.52,0,0,2.52,-0.474077,2.96,-0.467589
2.53,0,0,2.53,-0.467548,2.96,-0.461038
2.54,0,0,2.54,-0.460968,2.96,-0.454441
2.55,0,0,2.55,-0.454341,2.96,-0.447798
2.56,0,0,2.56,-0.447664,2.96,-0.441111
2.57,0,0,2.57,-0.44094,2.96,-0.43438
2.58,0,0,2.58,-0.43417,2.96,-0.427605
2.59,0,0,2.59,-0.427353,2.96,-0.420787
2.6,0,0,2.6,-0.420491,2.96,-0.413928
2.61,0,0,2.61,-0.413583,2.96,-0.407026
2.62,0,0,2.62,-0.406635,2.96,-0.400085
2.63,0,0,2.63,-0.39964,2.96,-0.393103
2.64,0,0,2.64,-0.392603,2.96,-0.386082
2.65,0,0,2.65,-0.385525,2.96,-0.379022
2.66,0,0,2.66,-0.378407,2.96,-0.371925
2.67,0,0,2.67,-0.371248,2.96,-0.36479
2.68,0,0,2.68,-0.364047,2.96,-0.357618
2.69,0,0,2.69,-0.35681,2.96,-0.350411
2.7,0,0,2.7,-0.349535,2.96,-0.343169
2.71,0,0,2.71,-0.342223,2.96,-0.335893
2.72,0,0,2.72,-0.334873,2.96,-0.328583
2.73,0,0,2.73,-0.327489,2.96,-0.32124
2.74,0,0,2.74,-0.320069,2.96,-0.313865
2.75,0,0,2.75,-0.312614,2.96,-0.306459
2.76,0,0,2.76,-0.305128,2.96,-0.299022
2.77,0,0,2.77,-0.297609,2.96,-0.291555
2.78,0,0,2.78,-0.290057,2.96,-0.284059
2.79,0,0,2.79,-0.282476,2.96,-0.276535
2.8,0,0,2.8,-0.274867,2.96,-0.268982
2.81,0,0,2.81,-0.267226,2.96,-0.261403
2.82,0,0,2.82,-0.259557,2.96,-0.253798
2.83,0,0,2.83,-0.251861,2.96,-0.246168
2.84,0,0,2.84,-0.244139,2.96,-0.238513
2.85,0,0,2.85,-0.236391,2.96,-0.230834
2.86,0,0,2.86,-0.228619,2.96,-0.223132
2.87,0,0,2.87,-0.220824,2.96,-0.215407
2.88,0,0,2.88,-0.213004,2.96,-0.207661
2.89,0,0,2.89,-0.205164,2.96,-0.199895
2.9,0,0,2.9,-0.197299,2.96,-0.192108
2.91,0,0,2.91,-0.189417,2.96,-0.184302
2.92,0,0,2.92,-0.181514,2.96,-0.176478
2.93,0,0,2.93,-0.173593,2.96,-0.168636
2.94,0,0,2.94,-0.165655,2.96,-0.160777
2.95,0,0,2.95,-0.1577,2.96,-0.152902
2.96,0,0,2.96,-0.149728,2.96,-0.145012
2.97,0,0,2.97,-0.141741,2.96,-0.137107
2.98,0,0,2.98,-0.133741,2.96,-0.129189
2.99,0,0,2.99,-0.125728,2.96,-0.121257
3,0,0,3,-0.1177,2.96,-0.113314
3.01,0,0,3.01,-0.109664,2.96,-0.105359
3.02,0,0,3.02,-0.101615,2.96,-0.0973938
3.03,0,0,3.03,-0.093557,2.96,-0.0894187
3.04,0,0,3.04,-0.0854913,2.96,-0.0814347
3.05,0,0,3.05,-0.0774168,2.96,-0.0734425
3.06,0,0,3.06,-0.069335,2.96,-0.0654431
3.07,0,0,3.07,-0.0612478,2.96,-0.057437
3.08,0,0,3.08,-0.0531549,2.96,-0.0494252
3.09,0,0,3.09,-0.045058,2.96,-0.0414085
3.1,0,0,3.1,-0.0369567,2.96,-0.0333877
3.11,0,0,3.11,-0.0288536,2.96,-0.0253635
3.12,0,0,3.12,-0.0207496,2.96,-0.0173367
3.13,0,0,3.13,-0.0126439,2.96,-0.00930824
3.14,0,0,3.14,-0.00453834,2.96,-0.00127884
3.15,0,0,3.15,0.00356619,2.96,0.00675069
3.16,0,0,3.16,0.011668,2.96,0.0147795
3.17,0,0,3.17,0.0197672,2.96,0.0228069
3.18,0,0,3.18,0.0278632,2.96,0.030832
3.19,0,0,3.19,0.0359544,2.96,0.038854
3.2,0,0,3.2,0.0440406,2.96,0.0468722
3.21,0,0,3.21,0.0521205,2.96,0.0548856
3.22,0,0,3.22,0.0601933,2.96,0.0628936
3.23,0,0,3.23,0.0682585,2.96,0.0708952
3.24,0,0,3.24,0.0763144,2.96,0.0788898
3.25,0,0,3.25,0.0843599,2.96,0.0868765
3.26,0,0,3.26,0.0923966,2.96,0.0948545
3.27,0,0,3.27,0.100421,2.96,0.102823
3.28,0,0,3.28,0.108434,2.96,0.110781
3.29,0,0,3.29,0.116432,2.96,0.118728
3.3,0,0,3.3,0.124418,2.96,0.126664
3.31,0,0,3.31,0.132389,2.96,0.134586
3.32,0,0,3.32,0.140343,2.96,0.142495
3.33,0,0,3.33,0.148283,2.96,0.15039
3.34,0,0,3.34,0.156204,2.96,0.15827
3.35,0,0,3.35,0.164108,2.96,0.166134
3.36,0,0,3.36,0.171994,2.96,0.173982
3.37,0,0,3.37,0.179858,2.96,0.181812
3.38,0,0,3.38,0.187704,2.96,0.189624
3.39,0,0,3.39,0.195528,2.96,0.197416
3.4,0,0,3.4,0.203331,2.96,0.20519
3.41,0,0,3.41,0.211108,2.96,0.212942
3.42,0,0,3.42,0.218866,2.96,0.220674
3.43,0,0,3.43,0.226597,2.96,0.228383
3.44,0,0,3.44,0.234303,2.96,0.236069
3.45,0,0,3.45,0.241984,2.96,0.243732
3.46,0,0,3.46,0.249637,2.96,0.25137
3.47,0,0,3.47,0.257264,2.96,0.258984
3.48,0,0,3.48,0.264863,2.96,0.266571
3.49,0,0,3.49,0.272434,2.96,0.274132
3.5,0,0,3.5,0.279974,2.96,0.281665
3.51,0,0,3.51,0.287484,2.96,0.28917
3.52,0,0,3.52,0.294962,2.96,0.296647
3.53,0,0,3.53,0.302408,2.96,0.304093
3.54,0,0,3.54,0.309824,2.96,0.311509
3.55,0,0,3.55,0.317205,2.96,0.318895
3.56,0,0,3.56,0.324552,2.96,0.326248
3.57,0,0,3.57,0.331864,2.96,0.333568
3.58,0,0,3.58,0.339141,2.96,0.340855
3.59,0,0,3.59,0.346383,2.96,0.348108
3.6,0,0,3.6,0.353589,2.96,0.355327
3.61,0,0,3.61,0.360754,2.96,0.362509
3.62,0,0,3.62,0.367884,2.96,0.369656
3.63,0,0,3.63,0.374974,2.96,0.376765
3.64,0,0,3.64,0.382025,2.96,0.383837
3.65,0,0,3.65,0.389035,2.96,0.390871
3.66,0,0,3.66,0.396007,2.96,0.397865
3.67,0,0,3.67,0.402935,2.96,0.40482
3.68,0,0,3.68,0.409822,2.96,0.411734
3.69,0,0,3.69,0.416665,2.96,0.418607
3.7,0,0,3.7,0.423466,2.96,0.425438
3.71,0,0,3.71,0.430221,2.96,0.432226
3.72,0,0,3.72,0.436933,2.96,0.438972
3.73,0,0,3.73,0.443599,2.96,0.445673
3.74,0,0,3.74,0.45022,2.96,0.45233
3.75,0,0,3.75,0.456795,2.96,0.458941
3.76,0,0,3.76,0.46332,2.96,0.465507
3.77,0,0,3.77,0.4698,2.96,0.472026
3.78,0,0,3.78,0.476229,2.96,0.478498
3.79,0,0,3.79,0.482613,2.96,0.484922
3.8,0,0,3.8,0.488946,2.96,0.491298
3.81,0,0,3.81,0.495227,2.96,0.497625
3.82,0,0,3.82,0.501459,2.96,0.503901
3.83,0,0,3.83,0.507639,2.96,0.510128
3.84,0,0,3.84,0.513768,2.96,0.516303
3.85,0,0,3.85,0.519843,2.96,0.522427
3.86,0,0,3.86,0.525867,2.96,0.528498
3.87,0,0,3.87,0.531836,2.96,0.534517
3.88,0,0,3.88,0.537753,2.96,0.540482
3.89,0,0,3.89,0.543615,2.96,0.546393
3.9,0,0,3.9,0.54942,2.96,0.552249
3.91,0,0,3.91,0.555171,2.96,0.558051
3.92,0,0,3.92,0.560866,2.96,0.563796
3.93,0,0,3.93,0.566505,2.96,0.569485
3.94,0,0,3.94,0.572084,2.96,0.575117
3.95,0,0,3.95,0.577607,2.96,0.580692
3.96,0,0,3.96,0.583072,2.96,0.586208
3.97,0,0,3.97,0.588477,2.96,0.591666
3.98,0,0,3.98,0.593824,2.96,0.597065
3.99,0,0,3.99,0.599113,2.96,0.602404
4,0,0,4,0.604339,2.96,0.607683
4.01,0,0,4.01,0.609506,2.96,0.612901
4.02,0,0,4.02,0.61461,2.96,0.618058
4.03,0,0,4.03,0.619654,2.96,0.623153
4.04,0,0,4.04,0.624636,2.96,0.628185
4.05,0,0,4.05,0.629554,2.96,0.633155
4.06,0,0,4.06,0.634412,2.96,0.638062
4.07,0,0,4.07,0.639202,2.96,0.642904
4.08,0,0,4.08,0.643933,2.96,0.647683
4.09,0,0,4.09,0.648597,2.96,0.652396
4.1,0,0,4.1,0.653196,2.96,0.657045
4.11,0,0,4.11,0.657732,2.96,0.661627
4.12,0,0,4.12,0.662202,2.96,0.666144
4.13,0,0,4.13,0.666607,2.96,0.670594
4.14,0,0,4.14,0.670943,2.96,0.674977
4.15,0,0,4.15,0.675214,2.96,0.679292
4.16,0,0,4.16,0.679417,2.96,0.683539
4.17,0,0,4.17,0.683553,2.96,0.687718
4.18,0,0,4.18,0.68762,2.96,0.691829
4.19,0,0,4.19,0.691621,2.96,0.69587
4.2,0,0,4.2,0.695552,2.96,0.699841
4.21,0,0,4.21,0.699414,2.96,0.703743
4.22,0,0,4.22,0.703207,2.96,0.707574
4.23,0,0,4.23,0.706929,2.96,0.711335
4.24,0,0,4.24,0.710582,2.96,0.715024
4.25,0,0,4.25,0.714166,2.96,0.718642
4.26,0,0,4.26,0.717677,2.96,0.722188
4.27,0,0,4.27,0.721118,2.96,0.725661
4.28,0,0,4.28,0.724487,2.96,0.729062
4.29,0,0,4.29,0.727784,2.96,0.732391
4.3,0,0,4.3,0.73101,2.96,0.735646
4.31,0,0,4.31,0.734164,2.96,0.738827
4.32,0,0,4.32,0.737244,2.96,0.741935
4.33,0,0,4.33,0.740252,2.96,0.744968
4.34,0,0,4.34,0.743188,2.96,0.747927
4.35,0,0,4.35,0.746047,2.96,0.750811
4.36,0,0,4.36,0.748835,2.96,0.75362
4.37,0,0,4.37,0.751549,2.96,0.756353
4.38,0,0,4.38,0.754188,2.96,0.759011
4.39,0,0,4.39,0.756751,2.96,0.761593
4.4,0,0,4.4,0.759242,2.96,0.764099
4.41,0,0,4.41,0.761655,2.96,0.766529
4.42,0,0,4.42,0.763994,2.96,0.768882
4.43,0,0,4.43,0.766258,2.96,0.771158
4.44,0,0,4.44,0.768445,2.96,0.773357
4.45,0,0,4.45,0.770557,2.96,0.775478
4.46,0,0,4.46,0.772592,2.96,0.777522
4.47,0,0,4.47,0.774552,2.96,0.779488
4.48,0,0,4.48,0.776435,2.96,0.781377
4.49,0,0,4.49,0.77824,2.96,0.783187
4.5,0,0,4.5,0.779968,2.96,0.784919
4.51,0,0,4.51,0.781621,2.96,0.786572
4.52,0,0,4.52,0.783194,2.96,0.788147
4.53,0,0,4.53,0.784692,2.96,0.789642
4.54,0,0,4.54,0.786111,2.96,0.791059
4.55,0,0,4.55,0.787452,2.96,0.792397
4.56,0,0,4.56,0.788713,2.96,0.793656
4.57,0,0,4.57,0.789898,2.96,0.794835
4.58,0,0,4.58,0.791005,2.96,0.795935
4.59,0,0,4.59,0.792033,2.96,0.796955
4.6,0,0,4.6,0.792983,2.96,0.797895
4.61,0,0,4.61,0.793852,2.96,0.798756
4.62,0,0,4.62,0.794645,2.96,0.799537
4.63,0,0,4.63,0.795358,2.96,0.800237
4.64,0,0,4.64,0.795993,2.96,0.800858
4.65,0,0,4.65,0.796548,2.96,0.801399
4.66,0,0,4.66,0.797024,2.96,0.801859
4.67,0,0,4.67,0.797421,2.96,0.80224
4.68,0,0,4.68,0.797738,2.96,0.80254
4.69,0,0,4.69,0.797977,2.96,0.80276
4.7,0,0,4.7,0.798135,2.96,0.802899
4.71,0,0,4.71,0.798215,2.96,0.802959
4.72,0,0,4.72,0.798215,2.96,0.802938
4.73,0,0,4.73,0.798136,2.96,0.802837
4.74,0,0,4.74,0.797978,2.96,0.802655
4.75,0,0,4.75,0.797739,2.96,0.802393
4.76,0,0,4.76,0.79742,2.96,0.802051
4.77,0,0,4.77,0.797023,2.96,0.801629
4.78,0,0,4.78,0.796546,2.96,0.801126
4.79,0,0,4.79,0.795989,2.96,0.800544
4.8,0,0,4.8,0.795353,2.96,0.799881
4.81,0,0,4.81,0.794637,2.96,0.799139
4.82,0,0,4.82,0.793843,2.96,0.798316
4.83,0,0,4.83,0.792968,2.96,0.797414
4.84,0,0,4.84,0.792015,2.96,0.796432
4.85,0,0,4.85,0.790982,2.96,0.79537
4.86,0,0,4.86,0.78987,2.96,0.794229
4.87,0,0,4.87,0.788677,2.96,0.793008
4.88,0,0,4.88,0.787407,2.96,0.791708
4.89,0,0,4.89,0.786058,2.96,0.790329
4.9,0,0,4.9,0.78463,2.96,0.788871
4.91,0,0,4.91,0.783123,2.96,0.787334
4.92,0,0,4.92,0.781538,2.96,0.785718
4.93,0,0,4.93,0.779873,2.96,0.784024
4.94,0,0,4.94,0.778132,2.96,0.782251
4.95,0,0,4.95,0.776311,2.96,0.7804
4.96,0,0,4.96,0.774413,2.96,0.778471
4.97,0,0,4.97,0.772436,2.96,0.776464
4.98,0,0,4.98,0.770383,2.96,0.77438
4.99,0,0,4.99,0.76825,2.96,0.772218
5,0,0,5,0.766041,2.96,0.769979
5.01,0,0,5.01,0.763757,2.96,0.767663
5.02,0,0,5.02,0.761394,2.96,0.76527
5.03,0,0,5.03,0.758952,2.96,0.7628
5.04,0,0,5.04,0.756437,2.96,0.760255
5.05,0,0,5.05,0.753842,2.96,0.757633
5.06,0,0,5.06,0.751173,2.96,0.754935
5.07,0,0,5.07,0.74843,2.96,0.752162
5.08,0,0,5.08,0.745609,2.96,0.749314
5.09,0,0,5.09,0.742714,2.96,0.746391
5.1,0,0,5.1,0.739743,2.96,0.743393
5.11,0,0,5.11,0.736698,2.96,0.740321
5.12,0,0,5.12,0.733576,2.96,0.737175
5.13,0,0,5.13,0.730382,2.96,0.733955
5.14,0,0,5.14,0.727114,2.96,0.730662
5.15,0,0,5.15,0.723772,2.96,0.727295
5.16,0,0,5.16,0.720355,2.96,0.723856
5.17,0,0,5.17,0.716867,2.96,0.720345
5.18,0,0,5.18,0.713307,2.96,0.716761
5.19,0,0,5.19,0.709672,2.96,0.713106
5.2,0,0,5.2,0.705968,2.96,0.70938
5.21,0,0,5.21,0.702191,2.96,0.705582
5.22,0,0,5.22,0.698342,2.96,0.701714
5.23,0,0,5.23,0.694423,2.96,0.697776
5.24,0,0,5.24,0.690433,2.96,0.693768
5.25,0,0,5.25,0.686374,2.96,0.689691
5.26,0,0,5.26,0.682242,2.96,0.685545
5.27,0,0,5.27,0.678046,2.96,0.68133
5.28,0,0,5.28,0.673777,2.96,0.677047
5.29,0,0,5.29,0.669439,2.96,0.672696
5.3,0,0,5.3,0.665034,2.96,0.668278
5.31,0,0,5.31,0.660563,2.96,0.663794
5.32,0,0,5.32,0.656022,2.96,0.659242
5.33,0,0,5.33,0.651417,2.96,0.654625
5.34,0,0,5.34,0.646742,2.96,0.649943
5.35,0,0,5.35,0.642003,2.96,0.645195
5.36,0,0,5.36,0.637199,2.96,0.640383
5.37,0,0,5.37,0.632331,2.96,0.635507
5.38,0,0,5.38,0.627396,2.96,0.630568
5.39,0,0,5.39,0.6224,2.96,0.625565
5.4,0,0,5.4,0.617339,2.96,0.6205
5.41,0,0,5.41,0.612215,2.96,0.615372
5.42,0,0,5.42,0.607029,2.96,0.610184
5.43,0,0,5.43,0.601781,2.96,0.604934
5.44,0,0,5.44,0.596471,2.96,0.599624
5.45,0,0,5.45,0.591099,2.96,0.594253
5.46,0,0,5.46,0.585669,2.96,0.588824
5.47,0,0,5.47,0.580178,2.96,0.583335
5.48,0,0,5.48,0.574628,2.96,0.577788
5.49,0,0,5.49,0.56902,2.96,0.572183
5.5,0,0,5.5,0.563353,2.96,0.566521
5.51,0,0,5.51,0.557629,2.96,0.560803
5.52,0,0,5.52,0.551847,2.96,0.555028
5.53,0,0,5.53,0.546011,2.96,0.549198
5.54,0,0,5.54,0.540118,2.96,0.543313
5.55,0,0,5.55,0.534168,2.96,0.537374
5.56,0,0,5.56,0.528166,2.96,0.53138
5.57,0,0,5.57,0.522109,2.96,0.525334
5.58,0,0,5.58,0.515998,2.96,0.519235
5.59,0,0,5.59,0.509835,2.96,0.513085
5.6,0,0,5.6,0.50362,2.96,0.506883
5.61,0,0,5.61,0.497354,2.96,0.50063
5.62,0,0,5.62,0.491036,2.96,0.494327
5.63,0,0,5.63,0.484669,2.96,0.487975
5.64,0,0,5.64,0.478252,2.96,0.481574
5.65,0,0,5.65,0.471786,2.96,0.475125
5.66,0,0,5.66,0.465272,2.96,0.468628
5.67,0,0,5.67,0.458711,2.96,0.462084
5.68,0,0,5.68,0.452103,2.96,0.455495
5.69,0,0,5.69,0.445446,2.96,0.448859
5.7,0,0,5.7,0.438746,2.96,0.442179
5.71,0,0,5.71,0.432002,2.96,0.435455
5.72,0,0,5.72,0.425212,2.96,0.428687
5.73,0,0,5.73,0.41838,2.96,0.421876
5.74,0,0,5.74,0.411505,2.96,0.415023
5.75,0,0,5.75,0.404589,2.96,0.408128
5.76,0,0,5.76,0.397629,2.96,0.401193
5.77,0,0,5.77,0.39063,2.96,0.394218
5.78,0,0,5.78,0.383591,2.96,0.387203
5.79,0,0,5.79,0.376512,2.96,0.380149
5.8,0,0,5.8,0.369395,2.96,0.373057
5.81,0,0,5.81,0.362242,2.96,0.365929
5.82,0,0,5.82,0.35505,2.96,0.358763
5.83,0,0,5.83,0.347823,2.96,0.351562
5.84,0,0,5.84,0.34056,2.96,0.344325
5.85,0,0,5.85,0.333262,2.96,0.337054
5.86,0,0,5.86,0.325931,2.96,0.329749
5.87,0,0,5.87,0.318566,2.96,0.322412
5.88,0,0,5.88,0.311169,2.96,0.315042
5.89,0,0,5.89,0.303739,2.96,0.307641
5.9,0,0,5.9,0.296279,2.96,0.300208
5.91,0,0,5.91,0.288789,2.96,0.292746
5.92,0,0,5.92,0.28127,2.96,0.285255
5.93,0,0,5.93,0.273721,2.96,0.277735
5.94,0,0,5.94,0.266146,2.96,0.270187
5.95,0,0,5.95,0.258542,2.96,0.262612
5.96,0,0,5.96,0.250915,2.96,0.255011
5.97,0,0,5.97,0.243259,2.96,0.247385
5.98,0,0,5.98,0.235579,2.96,0.239733
5.99,0,0,5.99,0.227875,2.96,0.232058
6,0,0,6,0.220148,2.96,0.22436
6.01,0,0,6.01,0.212399,2.96,0.216639
6.02,0,0,6.02,0.204628,2.96,0.208896
6.03,0,0,6.03,0.196836,2.96,0.201133
6.04,0,0,6.04,0.189025,2.96,0.193349
6.05,0,0,6.05,0.181194,2.96,0.185546
6.06,0,0,6.06,0.173344,2.96,0.177725
6.07,0,0,6.07,0.165478,2.96,0.169886
6.08,0,0,6.08,0.157593,2.96,0.16203
6.09,0,0,6.09,0.149694,2.96,0.154157
6.1,0,0,6.1,0.141781,2.96,0.146269
6.11,0,0,6.11,0.133851,2.96,0.138367
6.12,0,0,6.12,0.125908,2.96,0.130451
6.13,0,0,6.13,0.117953,2.96,0.122521
6.14,0,0,6.14,0.109986,2.96,0.11458
6.15,0,0,6.15,0.102008,2.96,0.106627
6.16,0,0,6.16,0.094019,2.96,0.098663
6.17,0,0,6.17,0.0860204,2.96,0.0906895
6.18,0,0,6.18,0.0780146,2.96,0.0827068
6.19,0,0,6.19,0.0699995,2.96,0.0747159
6.2,0,0,6.2,0.0619777,2.96,0.0667176
6.21,0,0,6.21,0.0539494,2.96,0.0587125
6.22,0,0,6.22,0.0459158,2.96,0.0507016
6.23,0,0,6.23,0.0378769,2.96,0.0426856
6.24,0,0,6.24,0.0298364,2.96,0.0346653
6.25,0,0,6.25,0.0217909,2.96,0.0266416
6.26,0,0,6.26,0.0137435,2.96,0.0186152
6.27,0,0,6.27,0.00569534,2.96,0.010587
6.28,0,0,6.28,-0.00235301,2.96,0.00255767
6.29,0,0,6.29,-0.0104027,2.96,-0.00547189
6.3,0,0,6.3,-0.0184492,2.96,-0.0135009
6.31,0,0,6.31,-0.0264955,2.96,-0.0215286
6.32,0,0,6.32,-0.0345374,2.96,-0.0295541
6.33,0,0,6.33,-0.0425771,2.96,-0.0375766
6.34,0,0,6.34,-0.0506126,2.96,-0.0455954
6.35,0,0,6.35,-0.0586432,2.96,-0.0536097
6.36,0,0,6.36,-0.0666673,2.96,-0.0616186
6.37,0,0,6.37,-0.0746848,2.96,-0.0696213
6.38,0,0,6.38,-0.0826943,2.96,-0.077617
6.39,0,0,6.39,-0.0906965,2.96,-0.085605
6.4,0,0,6.4,-0.0986878,2.96,-0.0935845
6.41,0,0,6.41,-0.106671,2.96,-0.101555
6.42,0,0,6.42,-0.114644,2.96,-0.109514
6.43,0,0,6.43,-0.122602,2.96,-0.117463
6.44,0,0,6.44,-0.13055,2.96,-0.125401
6.45,0,0,6.45,-0.138486,2.96,-0.133325
6.46,0,0,6.46,-0.146407,2.96,-0.141237
6.47,0,0,6.47,-0.154313,2.96,-0.149134
6.48,0,0,6.48,-0.162205,2.96,-0.157016
6.49,0,0,6.49,-0.170079,2.96,-0.164883
6.5,0,0,6.5,-0.177936,2.96,-0.172733
6.51,0,0,6.51,-0.185775,2.96,-0.180566
6.52,0,0,6.52,-0.193597,2.96,-0.188381
6.53,0,0,6.53,-0.201399,2.96,-0.196177
6.54,0,0,6.54,-0.20918,2.96,-0.203953
6.55,0,0,6.55,-0.216941,2.96,-0.211709
6.56,0,0,6.56,-0.22468,2.96,-0.219444
6.57,0,0,6.57,-0.232396,2.96,-0.227156
6.58,0,0,6.58,-0.24009,2.96,-0.234847
6.59,0,0,6.59,-0.24776,2.96,-0.242513
6.6,0,0,6.6,-0.255406,2.96,-0.250156
6.61,0,0,6.61,-0.263024,2.96,-0.257773
6.62,0,0,6.62,-0.270616,2.96,-0.265365
6.63,0,0,6.63,-0.278182,2.96,-0.27293
6.64,0,0,6.64,-0.285722,2.96,-0.280467
6.65,0,0,6.65,-0.293232,2.96,-0.287977
6.66,0,0,6.66,-0.300714,2.96,-0.295458
6.67,0,0,6.67,-0.308165,2.96,-0.302909
6.68,0,0,6.68,-0.315584,2.96,-0.31033
6.69,0,0,6.69,-0.322975,2.96,-0.31772
6.7,0,0,6.7,-0.330329,2.96,-0.325079
6.71,0,0,6.71,-0.337655,2.96,-0.332404
6.72,0,0,6.72,-0.344945,2.96,-0.339697
6.73,0,0,6.73,-0.352203,2.96,-0.346956
6.74,0,0,6.74,-0.359425,2.96,-0.354179
6.75,0,0,6.75,-0.366612,2.96,-0.361368
6.76,0,0,6.76,-0.373761,2.96,-0.36852
6.77,0,0,6.77,-0.380873,2.96,-0.375636
6.78,0,0,6.78,-0.387949,2.96,-0.382713
6.79,0,0,6.79,-0.394985,2.96,-0.389753
6.8,0,0,6.8,-0.401984,2.96,-0.396754
6.81,0,0,6.81,-0.408941,2.96,-0.403715
6.82,0,0,6.82,-0.415859,2.96,-0.410635
6.83,0,0,6.83,-0.422734,2.96,-0.417515
6.84,0,0,6.84,-0.429569,2.96,-0.424353
6.85,0,0,6.85,-0.436362,2.96,-0.431148
6.86,0,0,6.86,-0.443111,2.96,-0.4379
6.87,0,0,6.87,-0.449817,2.96,-0.444609
6.88,0,0,6.88,-0.456477,2.96,-0.451273
6.89,0,0,6.89,-0.463093,2.96,-0.457892
6.9,0,0,6.9,-0.469663,2.96,-0.464465
6.91,0,0,6.91,-0.476186,2.96,-0.470991
6.92,0,0,6.92,-0.482665,2.96,-0.477471
6.93,0,0,6.93,-0.489094,2.96,-0.483903
6.94,0,0,6.94,-0.495474,2.96,-0.490286
6.95,0,0,6.95,-0.501806,2.96,-0.49662
6.96,0,0,6.96,-0.508089,2.96,-0.502905
6.97,0,0,6.97,-0.514322,2.96,-0.509139
6.98,0,0,6.98,-0.520503,2.96,-0.515323
6.99,0,0,6.99,-0.526634,2.96,-0.521455
7,0,0,7,-0.532713,2.96,-0.527535
7.01,0,0,7.01,-0.538739,2.96,-0.533562
7.02,0,0,7.02,-0.544713,2.96,-0.539535
7.03,0,0,7.03,-0.550633,2.96,-0.545455
7.04,0,0,7.04,-0.556497,2.96,-0.55132
7.05,0,0,7.05,-0.56231,2.96,-0.55713
7.06,0,0,7.06,-0.568064,2.96,-0.562885
7.07,0,0,7.07,-0.573762,2.96,-0.568583
7.08,0,0,7.08,-0.579406,2.96,-0.574224
7.09,0,0,7.09,-0.584991,2.96,-0.579808
7.1,0,0,7.1,-0.590519,2.96,-0.585334
7.11,0,0,7.11,-0.595989,2.96,-0.590801
7.12,0,0,7.12,-0.6014,2.96,-0.596209
7.13,0,0,7.13,-0.606752,2.96,-0.601558
7.14,0,0,7.14,-0.612045,2.96,-0.606846
7.15,0,0,7.15,-0.617277,2.96,-0.612074
7.16,0,0,7.16,-0.622448,2.96,-0.617241
7.17,0,0,7.17,-0.627557,2.96,-0.622345
7.18,0,0,7.18,-0.632604,2.96,-0.627388
7.19,0,0,7.19,-0.63759,2.96,-0.632368
7.2,0,0,7.2,-0.642511,2.96,-0.637284
7.21,0,0,7.21,-0.64737,2.96,-0.642137
7.22,0,0,7.22,-0.652166,2.96,-0.646926
7.23,0,0,7.23,-0.656897,2.96,-0.65165
7.24,0,0,7.24,-0.661563,2.96,-0.656309
7.25,0,0,7.25,-0.666163,2.96,-0.660902
7.26,0,0,7.26,-0.670698,2.96,-0.665429
7.27,0,0,7.27,-0.675167,2.96,-0.66989
7.28,0,0,7.28,-0.67957,2.96,-0.674283
7.29,0,0,7.29,-0.683904,2.96,-0.678609
7.3,0,0,7.3,-0.68817,2.96,-0.682867
7.31,0,0,7.31,-0.69237,2.96,-0.687057
7.32,0,0,7.32,-0.696499,2.96,-0.691179
7.33,0,0,7.33,-0.700563,2.96,-0.695231
7.34,0,0,7.34,-0.704555,2.96,-0.699214
7.35,0,0,7.35,-0.708477,2.96,-0.703126
7.36,0,0,7.36,-0.71233,2.96,-0.706969
7.37,0,0,7.37,-0.716112,2.96,-0.71074
7.38,0,0,7.38,-0.719823,2.96,-0.714441
7.39,0,0,7.39,-0.723461,2.96,-0.71807
7.4,0,0,7.4,-0.727031,2.96,-0.721628
7.41,0,0,7.41,-0.730527,2.96,-0.725113
7.42,0,0,7.42,-0.733951,2.96,-0.728526
7.43,0,0,7.43,-0.737301,2.96,-0.731865
7.44,0,0,7.44,-0.740579,2.96,-0.735132
7.45,0,0,7.45,-0.743783,2.96,-0.738325
7.46,0,0,7.46,-0.746913,2.96,-0.741445
7.47,0,0,7.47,-0.74997,2.96,-0.74449
7.48,0,0,7.48,-0.752953,2.96,-0.74746
7.49,0,0,7.49,-0.755859,2.96,-0.750356
7.5,0,0,7.5,-0.758691,2.96,-0.753177
7.51,0,0,7.51,-0.761448,2.96,-0.755923
7.52,0,0,7.52,-0.764128,2.96,-0.758593
7.53,0,0,7.53,-0.766733,2.96,-0.761187
7.54,0,0,7.54,-0.769261,2.96,-0.763705
7.55,0,0,7.55,-0.771713,2.96,-0.766147
7.56,0,0,7.56,-0.774089,2.96,-0.768512
7.57,0,0,7.57,-0.776388,2.96,-0.7708
7.58,0,0,7.58,-0.778607,2.96,-0.773012
7.59,0,0,7.59,-0.780751,2.96,-0.775145
7.6,0,0,7.6,-0.782817,2.96,-0.777202
7.61,0,0,7.61,-0.784804,2.96,-0.77918
7.62,0,0,7.62,-0.786713,2.96,-0.781081
7.63,0,0,7.63,-0.788546,2.96,-0.782904
7.64,0,0,7.64,-0.790297,2.96,-0.784648
7.65,0,0,7.65,-0.791971,2.96,-0.786314
7.66,0,0,7.66,-0.793566,2.96,-0.787901
7.67,0,0,7.67,-0.795082,2.96,-0.78941
7.68,0,0,7.68,-0.796519,2.96,-0.790839
7.69,0,0,7.69,-0.797876,2.96,-0.792189
7.7,0,0,7.7,-0.799154,2.96,-0.793461
7.71,0,0,7.71,-0.800352,2.96,-0.794652
7.72,0,0,7.72,-0.80147,2.96,-0.795765
7.73,0,0,7.73,-0.802508,2.96,-0.796798
7.74,0,0,7.74,-0.803466,2.96,-0.797751
7.75,0,0,7.75,-0.804345,2.96,-0.798624
7.76,0,0,7.76,-0.805143,2.96,-0.799418
7.77,0,0,7.77,-0.805861,2.96,-0.800131
7.78,0,0,7.78,-0.806499,2.96,-0.800765
7.79,0,0,7.79,-0.807057,2.96,-0.801318
7.8,0,0,7.8,-0.807533,2.96,-0.801791
7.81,0,0,7.81,-0.80793,2.96,-0.802185
7.82,0,0,7.82,-0.808247,2.96,-0.802498
7.83,0,0,7.83,-0.80848,2.96,-0.80273
7.84,0,0,7.84,-0.808636,2.96,-0.802883
7.85,0,0,7.85,-0.808711,2.96,-0.802955
7.86,0,0,7.86,-0.808703,2.96,-0.802947
7.87,0,0,7.87,-0.808618,2.96,-0.802858
7.88,0,0,7.88,-0.808451,2.96,-0.802689
7.89,0,0,7.89,-0.808204,2.96,-0.80244
7.9,0,0,7.9,-0.807876,2.96,-0.802111
7.91,0,0,7.91,-0.807468,2.96,-0.801701
7.92,0,0,7.92,-0.80698,2.96,-0.801212
7.93,0,0,7.93,-0.806411,2.96,-0.800642
7.94,0,0,7.94,-0.805763,2.96,-0.799992
7.95,0,0,7.95,-0.805034,2.96,-0.799262
7.96,0,0,7.96,-0.804226,2.96,-0.798453
7.97,0,0,7.97,-0.803339,2.96,-0.797563
7.98,0,0,7.98,-0.802371,2.96,-0.796594
7.99,0,0,7.99,-0.801324,2.96,-0.795545
8,0,0,8,-0.800197,2.96,-0.794416
8.01,0,0,8.01,-0.798991,2.96,-0.793208
8.02,0,0,8.02,-0.797705,2.96,-0.791921
8.03,0,0,8.03,-0.796341,2.96,-0.790554
8.04,0,0,8.04,-0.7949,2.96,-0.789109
8.05,0,0,8.05,-0.793377,2.96,-0.787584
8.06,0,0,8.06,-0.791777,2.96,-0.785981
8.07,0,0,8.07,-0.7901,2.96,-0.784299
8.08,0,0,8.08,-0.788344,2.96,-0.782539
8.09,0,0,8.09,-0.78651,2.96,-0.7807
8.1,0,0,8.1,-0.784599,2.96,-0.778784
8.11,0,0,8.11,-0.782612,2.96,-0.776789
8.12,0,0,8.12,-0.780545,2.96,-0.774717
8.13,0,0,8.13,-0.778402,2.96,-0.772568
8.14,0,0,8.14,-0.776185,2.96,-0.770341
8.15,0,0,8.15,-0.773891,2.96,-0.768037
8.16,0,0,8.16,-0.771517,2.96,-0.765656
8.17,0,0,8.17,-0.76907,2.96,-0.763199
8.18,0,0,8.18,-0.766547,2.96,-0.760665
8.19,0,0,8.19,-0.76395,2.96,-0.758055
8.2,0,0,8.2,-0.761278,2.96,-0.75537
8.21,0,0,8.21,-0.75853,2.96,-0.752609
8.22,0,0,8.22,-0.755708,2.96,-0.749773
8.23,0,0,8.23,-0.752812,2.96,-0.746861
8.24,0,0,8.24,-0.749844,2.96,-0.743876
8.25,0,0,8.25,-0.746801,2.96,-0.740815
8.26,0,0,8.26,-0.743683,2.96,-0.737681
8.27,0,0,8.27,-0.740497,2.96,-0.734473
8.28,0,0,8.28,-0.737236,2.96,-0.731191
8.29,0,0,8.29,-0.733905,2.96,-0.727836
8.3,0,0,8.3,-0.7305,2.96,-0.724409
8.31,0,0,8.31,-0.727024,2.96,-0.720909
8.32,0,0,8.32,-0.723478,2.96,-0.717337
8.33,0,0,8.33,-0.719862,2.96,-0.713693
8.34,0,0,8.34,-0.716174,2.96,-0.709978
8.35,0,0,8.35,-0.712418,2.96,-0.706192
8.36,0,0,8.36,-0.708593,2.96,-0.702335
8.37,0,0,8.37,-0.704699,2.96,-0.698408
8.38,0,0,8.38,-0.700735,2.96,-0.694411
8.39,0,0,8.39,-0.696703,2.96,-0.690345
8.4,0,0,8.4,-0.692604,2.96,-0.68621
8.41,0,0,8.41,-0.688439,2.96,-0.682006
8.42,0,0,8.42,-0.684205,2.96,-0.677734
8.43,0,0,8.43,-0.679905,2.96,-0.673394
8.44,0,0,8.44,-0.67554,2.96,-0.668986
8.45,0,0,8.45,-0.67111,2.96,-0.664512
8.46,0,0,8.46,-0.666615,2.96,-0.659972
8.47,0,0,8.47,-0.662054,2.96,-0.655365
8.48,0,0,8.48,-0.657429,2.96,-0.650693
8.49,0,0,8.49,-0.652739,2.96,-0.645956
8.5,0,0,8.5,-0.647989,2.96,-0.641154
8.51,0,0,8.51,-0.643175,2.96,-0.636288
8.52,0,0,8.52,-0.638298,2.96,-0.631359
8.53,0,0,8.53,-0.63336,2.96,-0.626366
8.54,0,0,8.54,-0.62836,2.96,-0.621311
8.55,0,0,8.55,-0.6233,2.96,-0.616193
8.56,0,0,8.56,-0.618178,2.96,-0.611014
8.57,0,0,8.57,-0.612996,2.96,-0.605774
8.58,0,0,8.58,-0.607757,2.96,-0.600473
8.59,0,0,8.59,-0.602458,2.96,-0.595113
8.6,0,0,8.6,-0.5971,2.96,-0.589692
8.61,0,0,8.61,-0.591685,2.96,-0.584213
8.62,0,0,8.62,-0.586212,2.96,-0.578675
8.63,0,0,8.63,-0.580682,2.96,-0.57308
8.64,0,0,8.64,-0.575097,2.96,-0.567427
8.65,0,0,8.65,-0.569456,2.96,-0.561717
8.66,0,0,8.66,-0.563758,2.96,-0.555952
8.67,0,0,8.67,-0.558006,2.96,-0.55013
8.68,0,0,8.68,-0.552199,2.96,-0.544254
8.69,0,0,8.69,-0.546342,2.96,-0.538323
8.7,0,0,8.7,-0.540429,2.96,-0.532338
8.71,0,0,8.71,-0.534464,2.96,-0.526301
8.72,0,0,8.72,-0.528447,2.96,-0.52021
8.73,0,0,8.73,-0.522379,2.96,-0.514068
8.74,0,0,8.74,-0.516259,2.96,-0.507874
8.75,0,0,8.75,-0.51009,2.96,-0.501629
8.76,0,0,8.76,-0.503871,2.96,-0.495334
8.77,0,0,8.77,-0.497602,2.96,-0.48899
8.78,0,0,8.78,-0.491286,2.96,-0.482596
8.79,0,0,8.79,-0.48492,2.96,-0.476155
8.8,0,0,8.8,-0.478507,2.96,-0.469666
8.81,0,0,8.81,-0.472048,2.96,-0.46313
8.82,0,0,8.82,-0.465544,2.96,-0.456547
8.83,0,0,8.83,-0.458992,2.96,-0.449919
8.84,0,0,8.84,-0.452394,2.96,-0.443246
8.85,0,0,8.85,-0.445756,2.96,-0.436529
8.86,0,0,8.86,-0.439071,2.96,-0.429767
8.87,0,0,8.87,-0.432342,2.96,-0.422963
8.88,0,0,8.88,-0.425571,2.96,-0.416117
8.89,0,0,8.89,-0.418759,2.96,-0.409229
8.9,0,0,8.9,-0.411905,2.96,-0.4023
8.91,0,0,8.91,-0.405011,2.96,-0.395331
8.92,0,0,8.92,-0.398077,2.96,-0.388322
8.93,0,0,8.93,-0.391101,2.96,-0.381275
8.94,0,0,8.94,-0.384089,2.96,-0.374189
8.95,0,0,8.95,-0.377038,2.96,-0.367066
8.96,0,0,8.96,-0.36995,2.96,-0.359907
8.97,0,0,8.97,-0.362822,2.96,-0.352711
8.98,0,0,8.98,-0.355662,2.96,-0.34548
8.99,0,0,8.99,-0.348464,2.96,-0.338214
9,0,0,9,-0.341232,2.96,-0.330915
9.01,0,0,9.01,-0.333964,2.96,-0.323583
9.02,0,0,9.02,-0.326664,2.96,-0.316218
9.03,0,0,9.03,-0.31933,2.96,-0.308821
9.04,0,0,9.04,-0.311966,2.96,-0.301394
9.05,0,0,9.05,-0.304568,2.96,-0.293937
9.06,0,0,9.06,-0.297138,2.96,-0.28645
9.07,0,0,9.07,-0.289681,2.96,-0.278934
9.08,0,0,9.08,-0.282193,2.96,-0.271391
9.09,0,0,9.09,-0.274675,2.96,-0.26382
9.1,0,0,9.1,-0.267132,2.96,-0.256224
9.11,0,0,9.11,-0.259561,2.96,-0.248601
9.12,0,0,9.12,-0.25196,2.96,-0.240954
9.13,0,0,9.13,-0.244335,2.96,-0.233282
9.14,0,0,9.14,-0.236686,2.96,-0.225587
9.15,0,0,9.15,-0.229011,2.96,-0.21787
9.16,0,0,9.16,-0.221312,2.96,-0.210131
9.17,0,0,9.17,-0.213591,2.96,-0.202371
9.18,0,0,9.18,-0.205846,2.96,-0.19459
9.19,0,0,9.19,-0.19808,2.96,-0.18679
9.2,0,0,9.2,-0.190294,2.96,-0.178972
9.21,0,0,9.21,-0.182487,2.96,-0.171135
9.22,0,0,9.22,-0.174661,2.96,-0.163282
9.23,0,0,9.23,-0.166816,2.96,-0.155412
9.24,0,0,9.24,-0.158954,2.96,-0.147527
9.25,0,0,9.25,-0.151074,2.96,-0.139626
9.26,0,0,9.26,-0.143178,2.96,-0.131712
9.27,0,0,9.27,-0.135266,2.96,-0.123785
9.28,0,0,9.28,-0.12734,2.96,-0.115845
9.29,0,0,9.29,-0.119399,2.96,-0.107894
9.3,0,0,9.3,-0.111445,2.96,-0.0999321
9.31,0,0,9.31,-0.103479,2.96,-0.09196
9.32,0,0,9.32,-0.0955011,2.96,-0.0839788
9.33,0,0,9.33,-0.0875115,2.96,-0.0759891
9.34,0,0,9.34,-0.0795126,2.96,-0.0679919
9.35,0,0,9.35,-0.0715033,2.96,-0.0599878
9.36,0,0,9.36,-0.0634852,2.96,-0.0519778
9.37,0,0,9.37,-0.0554607,2.96,-0.0439626
9.38,0,0,9.38,-0.0474299,2.96,-0.0359429
9.39,0,0,9.39,-0.0393921,2.96,-0.0279197
9.4,0,0,9.4,-0.0313486,2.96,-0.0198937
9.41,0,0,9.41,-0.0233001,2.96,-0.0118657
9.42,0,0,9.42,-0.0152477,2.96,-0.0038365
9.43,0,0,9.43,-0.00719254,2.96,0.00419308
9.44,0,0,9.44,0.000863104,2.96,0.0122222
9.45,0,0,9.45,0.0089207,2.96,0.0202502
9.46,0,0,9.46,0.0169803,2.96,0.0282761
9.47,0,0,9.47,0.0250371,2.96,0.0362992
9.48,0,0,9.48,0.033094,2.96,0.0443186
9.49,0,0,9.49,0.0411507,2.96,0.0523336
9.5,0,0,9.5,0.0492024,2.96,0.0603434
9.51,0,0,9.51,0.0572517,2.96,0.0683472
9.52,0,0,9.52,0.065295,2.96,0.0763441
9.53,0,0,9.53,0.0733328,2.96,0.0843334
9.54,0,0,9.54,0.0813657,2.96,0.0923142
9.55,0,0,9.55,0.0893909,2.96,0.100286
9.56,0,0,9.56,0.0974096,2.96,0.108247
9.57,0,0,9.57,0.105417,2.96,0.116198
9.58,0,0,9.58,0.113418,2.96,0.124137
9.59,0,0,9.59,0.121407,2.96,0.132064
9.6,0,0,9.6,0.129386,2.96,0.139978
9.61,0,0,9.61,0.137352,2.96,0.147877
9.62,0,0,9.62,0.145304,2.96,0.155762
9.63,0,0,9.63,0.153245,2.96,0.163631
9.64,0,0,9.64,0.16117,2.96,0.171484
9.65,0,0,9.65,0.169079,2.96,0.17932
9.66,0,0,9.66,0.176973,2.96,0.187137
9.67,0,0,9.67,0.18485,2.96,0.194936
9.68,0,0,9.68,0.192709,2.96,0.202716
9.69,0,0,9.69,0.200549,2.96,0.210475
9.7,0,0,9.7,0.20837,2.96,0.218213
9.71,0,0,9.71,0.216169,2.96,0.22593
9.72,0,0,9.72,0.223949,2.96,0.233623
9.73,0,0,9.73,0.231705,2.96,0.241294
9.74,0,0,9.74,0.23944,2.96,0.24894
9.75,0,0,9.75,0.24715,2.96,0.256561
9.76,0,0,9.76,0.254836,2.96,0.264157
9.77,0,0,9.77,0.262498,2.96,0.271727
9.78,0,0,9.78,0.270131,2.96,0.279269
9.79,0,0,9.79,0.277739,2.96,0.286783
9.8,0,0,9.8,0.28532,2.96,0.294268
9.81,0,0,9.81,0.292871,2.96,0.301725
9.82,0,0,9.82,0.300391,2.96,0.309151
9.83,0,0,9.83,0.307883,2.96,0.316546
9.84,0,0,9.84,0.315343,2.96,0.323909
9.85,0,0,9.85,0.322773,2.96,0.33124
9.86,0,0,9.86,0.330169,2.96,0.338538
9.87,0,0,9.87,0.337532,2.96,0.345802
9.88,0,0,9.88,0.34486,2.96,0.353031
9.89,0,0,9.89,0.352155,2.96,0.360225
9.9,0,0,9.9,0.359412,2.96,0.367384
9.91,0,0,9.91,0.366633,2.96,0.374505
9.92,0,0,9.92,0.373817,2.96,0.381589
9.93,0,0,9.93,0.380964,2.96,0.388635
9.94,0,0,9.94,0.38807,2.96,0.395641
9.95,0,0,9.95,0.395137,2.96,0.402609
9.96,0,0,9.96,0.402165,2.96,0.409536
9.97,0,0,9.97,0.409151,2.96,0.416422
9.98,0,0,9.98,0.416093,2.96,0.423266
9.99,0,0,9.99,0.422995,2.96,0.430069
10,0,0,10,0.429854,2.96,0.436828
10.01,0,0,10.01,0.436668,2.96,0.443543
10.02,0,0,10.02,0.443437,2.96,0.450214
10.03,0,0,10.03,0.45016,2.96,0.45684
10.04,0,0,10.04,0.456837,2.96,0.463421
10.05,0,0,10.05,0.463467,2.96,0.469955
10.06,0,0,10.06,0.470048,2.96,0.476442
10.07,0,0,10.07,0.476583,2.96,0.482881
10.08,0,0,10.08,0.483067,2.96,0.489273
10.09,0,0,10.09,0.489503,2.96,0.495615
10.1,0,0,10.1,0.495887,2.96,0.501907
10.11,0,0,10.11,0.502221,2.96,0.50815
10.12,0,0,10.12,0.508502,2.96,0.514341
10.13,0,0,10.13,0.514731,2.96,0.520482
10.14,0,0,10.14,0.520909,2.96,0.52657
10.15,0,0,10.15,0.527029,2.96,0.532605
10.16,0,0,10.16,0.533098,2.96,0.538588
10.17,0,0,10.17,0.53911,2.96,0.544516
10.18,0,0,10.18,0.545066,2.96,0.55039
10.19,0,0,10.19,0.550966,2.96,0.556209
10.2,0,0,10.2,0.556811,2.96,0.561972
10.21,0,0,10.21,0.562596,2.96,0.567679
10.22,0,0,10.22,0.568325,2.96,0.57333
10.23,0,0,10.23,0.573994,2.96,0.578923
10.24,0,0,10.24,0.579603,2.96,0.584458
10.25,0,0,10.25,0.585153,2.96,0.589934
10.26,0,0,10.26,0.590643,2.96,0.595352
10.27,0,0,10.27,0.59607,2.96,0.60071
10.28,0,0,10.28,0.601438,2.96,0.606008
10.29,0,0,10.29,0.606741,2.96,0.611245
10.3,0,0,10.3,0.611983,2.96,0.616422
10.31,0,0,10.31,0.617163,2.96,0.621536
10.32,0,0,10.32,0.622276,2.96,0.626589
10.33,0,0,10.33,0.627327,2.96,0.631579
10.34,0,0,10.34,0.632312,2.96,0.636506
10.35,0,0,10.35,0.637232,2.96,0.641369
10.36,0,0,10.36,0.642085,2.96,0.646168
10.37,0,0,10.37,0.646874,2.96,0.650902
10.38,0,0,10.38,0.651594,2.96,0.655571
10.39,0,0,10.39,0.656248,2.96,0.660175
10.4,0,0,10.4,0.660833,2.96,0.664712
10.41,0,0,10.41,0.665352,2.96,0.669184
10.42,0,0,10.42,0.669802,2.96,0.673588
10.43,0,0,10.43,0.674181,2.96,0.677925
10.44,0,0,10.44,0.678491,2.96,0.682194
10.45,0,0,10.45,0.68273,2.96,0.686395
10.46,0,0,10.46,0.686901,2.96,0.690527
10.47,0,0,10.47,0.690999,2.96,0.69459
10.48,0,0,10.48,0.695028,2.96,0.698584
10.49,0,0,10.49,0.698983,2.96,0.702508
10.5,0,0,10.5,0.702868,2.96,0.706361
10.51,0,0,10.51,0.706679,2.96,0.710144
10.52,0,0,10.52,0.710418,2.96,0.713856
10.53,0,0,10.53,0.714084,2.96,0.717497
10.54,0,0,10.54,0.717676,2.96,0.721066
10.55,0,0,10.55,0.721193,2.96,0.724563
10.56,0,0,10.56,0.724637,2.96,0.727987
10.57,0,0,10.57,0.728005,2.96,0.731338
10.58,0,0,10.58,0.7313,2.96,0.734617
10.59,0,0,10.59,0.73452,2.96,0.737822
10.6,0,0,10.6,0.737663,2.96,0.740953
10.61,0,0,10.61,0.74073,2.96,0.74401
10.62,0,0,10.62,0.743722,2.96,0.746992
10.63,0,0,10.63,0.746638,2.96,0.7499
10.64,0,0,10.64,0.749475,2.96,0.752733
10.65,0,0,10.65,0.752236,2.96,0.755491
10.66,0,0,10.66,0.754921,2.96,0.758173
10.67,0,0,10.67,0.757528,2.96,0.760779
10.68,0,0,10.68,0.760056,2.96,0.763309
10.69,0,0,10.69,0.762506,2.96,0.765763
10.7,0,0,10.7,0.764878,2.96,0.768141
10.71,0,0,10.71,0.767172,2.96,0.770441
10.72,0,0,10.72,0.769388,2.96,0.772665
10.73,0,0,10.73,0.771523,2.96,0.774811
10.74,0,0,10.74,0.773581,2.96,0.776879
10.75,0,0,10.75,0.775556,2.96,0.778871
10.76,0,0,10.76,0.777456,2.96,0.780784
10.77,0,0,10.77,0.779274,2.96,0.782619
10.78,0,0,10.78,0.781012,2.96,0.784375
10.79,0,0,10.79,0.78267,2.96,0.786054
10.8,0,0,10.8,0.784247,2.96,0.787654
10.81,0,0,10.81,0.785746,2.96,0.789175
10.82,0,0,10.82,0.787163,2.96,0.790617
10.83,0,0,10.83,0.788499,2.96,0.79198
10.84,0,0,10.84,0.789755,2.96,0.793263
10.85,0,0,10.85,0.790928,2.96,0.794468
10.86,0,0,10.86,0.792022,2.96,0.795593
10.87,0,0,10.87,0.793034,2.96,0.796638
10.88,0,0,10.88,0.793965,2.96,0.797604
10.89,0,0,10.89,0.794814,2.96,0.79849
10.9,0,0,10.9,0.795583,2.96,0.799297
10.91,0,0,10.91,0.796271,2.96,0.800023
10.92,0,0,10.92,0.796876,2.96,0.800669
10.93,0,0,10.93,0.797399,2.96,0.801235
10.94,0,0,10.94,0.797842,2.96,0.801721
10.95,0,0,10.95,0.798201,2.96,0.802127
10.96,0,0,10.96,0.798479,2.96,0.802453
10.97,0,0,10.97,0.798675,2.96,0.802698
10.98,0,0,10.98,0.79879,2.96,0.802864
10.99,0,0,10.99,0.798824,2.96,0.802949
11,0,0,11,0.798774,2.96,0.802953
11.01,0,0,11.01,0.798644,2.96,0.802877
11.02,0,0,11.02,0.798431,2.96,0.802722
11.03,0,0,11.03,0.798138,2.96,0.802485
11.04,0,0,11.04,0.797762,2.96,0.802169
11.05,0,0,11.05,0.797303,2.96,0.801772
11.06,0,0,11.06,0.796765,2.96,0.801295
11.07,0,0,11.07,0.796144,2.96,0.800738
11.08,0,0,11.08,0.795442,2.96,0.800101
11.09,0,0,11.09,0.794657,2.96,0.799384
11.1,0,0,11.1,0.793792,2.96,0.798587
11.11,0,0,11.11,0.792847,2.96,0.79771
11.12,0,0,11.12,0.791819,2.96,0.796753
11.13,0,0,11.13,0.790712,2.96,0.795717
11.14,0,0,11.14,0.789521,2.96,0.794601
11.15,0,0,11.15,0.788251,2.96,0.793406
11.16,0,0,11.16,0.7869,2.96,0.792131
11.17,0,0,11.17,0.785469,2.96,0.790777
11.18,0,0,11.18,0.783957,2.96,0.789344
11.19,0,0,11.19,0.782366,2.96,0.787832
11.2,0,0,11.2,0.780694,2.96,0.786242
11.21,0,0,11.21,0.778942,2.96,0.784572
11.22,0,0,11.22,0.777112,2.96,0.782824
11.23,0,0,11.23,0.7752,2.96,0.780998
11.24,0,0,11.24,0.773211,2.96,0.779094
11.25,0,0,11.25,0.771142,2.96,0.777112
11.26,0,0,11.26,0.768995,2.96,0.775052
11.27,0,0,11.27,0.766769,2.96,0.772915
11.28,0,0,11.28,0.764464,2.96,0.7707
11.29,0,0,11.29,0.762083,2.96,0.768409
11.3,0,0,11.3,0.759623,2.96,0.76604
11.31,0,0,11.31,0.757085,2.96,0.763595
11.32,0,0,11.32,0.754472,2.96,0.761074
11.33,0,0,11.33,0.75178,2.96,0.758476
11.34,0,0,11.34,0.749013,2.96,0.755803
11.35,0,0,11.35,0.746168,2.96,0.753054
11.36,0,0,11.36,0.74325,2.96,0.750229
11.37,0,0,11.37,0.740254,2.96,0.74733
11.38,0,0,11.38,0.737182,2.96,0.744356
11.39,0,0,11.39,0.734037,2.96,0.741308
11.4,0,0,11.4,0.730818,2.96,0.738185
11.41,0,0,11.41,0.727524,2.96,0.734989
11.42,0,0,11.42,0.724157,2.96,0.731719
11.43,0,0,11.43,0.720716,2.96,0.728375
11.44,0,0,11.44,0.717202,2.96,0.72496
11.45,0,0,11.45,0.713615,2.96,0.721471
11.46,0,0,11.46,0.709956,2.96,0.717911
11.47,0,0,11.47,0.706225,2.96,0.714278
11.48,0,0,11.48,0.702426,2.96,0.710574
11.49,0,0,11.49,0.698553,2.96,0.7068
11.5,0,0,11.5,0.69461,2.96,0.702954
11.51,0,0,11.51,0.690597,2.96,0.699038
11.52,0,0,11.52,0.686515,2.96,0.695052
11.53,0,0,11.53,0.682364,2.96,0.690997
11.54,0,0,11.54,0.678146,2.96,0.686873
11.55,0,0,11.55,0.673858,2.96,0.68268
11.56,0,0,11.56,0.669503,2.96,0.678419
11.57,0,0,11.57,0.665082,2.96,0.674089
11.58,0,0,11.58,0.660596,2.96,0.669693
11.59,0,0,11.59,0.656041,2.96,0.665229
11.6,0,0,11.6,0.651422,2.96,0.660699
11.61,0,0,11.61,0.646738,2.96,0.656103
11.62,0,0,11.62,0.641989,2.96,0.651442
11.63,0,0,11.63,0.637177,2.96,0.646715
11.64,0,0,11.64,0.632301,2.96,0.641923
11.65,0,0,11.65,0.627365,2.96,0.637067
11.66,0,0,11.66,0.622366,2.96,0.632148
11.67,0,0,11.67,0.617304,2.96,0.627165
11.68,0,0,11.68,0.612182,2.96,0.62212
11.69,0,0,11.69,0.607002,2.96,0.617012
11.7,0,0,11.7,0.601759,2.96,0.611843
11.71,0,0,11.71,0.596459,2.96,0.606613
11.72,0,0,11.72,0.5911,2.96,0.601322
11.73,0,0,11.73,0.585683,2.96,0.59597
11.74,0,0,11.74,0.580211,2.96,0.590559
11.75,0,0,11.75,0.574678,2.96,0.58509
11.76,0,0,11.76,0.569094,2.96,0.579561
11.77,0,0,11.77,0.563452,2.96,0.573975
11.78,0,0,11.78,0.557757,2.96,0.568331
11.79,0,0,11.79,0.552009,2.96,0.56263
11.8,0,0,11.8,0.546205,2.96,0.556874
11.81,0,0,11.81,0.54035,2.96,0.551061
11.82,0,0,11.82,0.534444,2.96,0.545193
11.83,0,0,11.83,0.528486,2.96,0.539271
11.84,0,0,11.84,0.522477,2.96,0.533295
11.85,0,0,11.85,0.51642,2.96,0.527266
11.86,0,0,11.86,0.510313,2.96,0.521184
11.87,0,0,11.87,0.504157,2.96,0.515049
11.88,0,0,11.88,0.497953,2.96,0.508864
11.89,0,0,11.89,0.491702,2.96,0.502627
11.9,0,0,11.9,0.485407,2.96,0.49634
11.91,0,0,11.91,0.479065,2.96,0.490003
11.92,0,0,11.92,0.472677,2.96,0.483618
11.93,0,0,11.93,0.466246,2.96,0.477184
11.94,0,0,11.94,0.459772,2.96,0.470702
11.95,0,0,11.95,0.453255,2.96,0.464174
11.96,0,0,11.96,0.446695,2.96,0.457599
11.97,0,0,11.97,0.440094,2.96,0.450978
11.98,0,0,11.98,0.433455,2.96,0.444312
11.99,0,0,11.99,0.426774,2.96,0.437601
12,0,0,12,0.420054,2.96,0.430847
12.01,0,0,12.01,0.413296,2.96,0.42405
12.02,0,0,12.02,0.406499,2.96,0.41721
12.03,0,0,12.03,0.399668,2.96,0.410329
12.04,0,0,12.04,0.3928,2.96,0.403406
12.05,0,0,12.05,0.385895,2.96,0.396444
12.06,0,0,12.06,0.378958,2.96,0.389441
12.07,0,0,12.07,0.371987,2.96,0.3824
12.08,0,0,12.08,0.364982,2.96,0.37532
12.09,0,0,12.09,0.357944,2.96,0.368203
12.1,0,0,12.1,0.350875,2.96,0.361049
12.11,0,0,12.11,0.343775,2.96,0.353859
12.12,0,0,12.12,0.336646,2.96,0.346634
12.13,0,0,12.13,0.329487,2.96,0.339374
12.14,0,0,12.14,0.3223,2.96,0.33208
12.15,0,0,12.15,0.315085,2.96,0.324753
12.16,0,0,12.16,0.307843,2.96,0.317393
12.17,0,0,12.17,0.300574,2.96,0.310001
12.18,0,0,12.18,0.29328,2.96,0.302579
12.19,0,0,12.19,0.285962,2.96,0.295126
12.2,0,0,12.2,0.27862,2.96,0.287644
12.21,0,0,12.21,0.271254,2.96,0.280133
12.22,0,0,12.22,0.263867,2.96,0.272594
12.23,0,0,12.23,0.256457,2.96,0.265028
12.24,0,0,12.24,0.249026,2.96,0.257435
12.25,0,0,12.25,0.241577,2.96,0.249817
12.26,0,0,12.26,0.234106,2.96,0.242173
12.27,0,0,12.27,0.226618,2.96,0.234506
12.28,0,0,12.28,0.219112,2.96,0.226814
12.29,0,0,12.29,0.211589,2.96,0.219101
12.3,0,0,12.3,0.204048,2.96,0.211365
12.31,0,0,12.31,0.196494,2.96,0.203608
12.32,0,0,12.32,0.188924,2.96,0.195831
12.33,0,0,12.33,0.18134,2.96,0.188034
12.34,0,0,12.34,0.173743,2.96,0.180218
12.35,0,0,12.35,0.166134,2.96,0.172385
12.36,0,0,12.36,0.158513,2.96,0.164534
12.37,0,0,12.37,0.150881,2.96,0.156667
12.38,0,0,12.38,0.143239,2.96,0.148784
12.39,0,0,12.39,0.135587,2.96,0.140886
12.4,0,0,12.4,0.127928,2.96,0.132974
12.41,0,0,12.41,0.12026,2.96,0.125048
12.42,0,0,12.42,0.112584,2.96,0.117111
12.43,0,0,12.43,0.104902,2.96,0.109161
12.44,0,0,12.44,0.0972159,2.96,0.101201
12.45,0,0,12.45,0.0895246,2.96,0.0932303
12.46,0,0,12.46,0.0818272,2.96,0.0852505
12.47,0,0,12.47,0.0741278,2.96,0.0772621
12.48,0,0,12.48,0.0664264,2.96,0.069266
12.49,0,0,12.49,0.0587229,2.96,0.061263
12.5,0,0,12.5,0.0510173,2.96,0.0532539
12.51,0,0,12.51,0.0433118,2.96,0.0452394
12.52,0,0,12.52,0.0356067,2.96,0.0372205
12.53,0,0,12.53,0.0279047,2.96,0.0291977
12.54,0,0,12.54,0.0202022,2.96,0.0211721
12.55,0,0,12.55,0.0125027,2.96,0.0131444
12.56,0,0,12.56,0.00480884,2.96,0.00511532
12.57,0,0,12.57,-0.00288415,2.96,-0.00291425
12.58,0,0,12.58,-0.0105689,2.96,-0.0109435
12.59,0,0,12.59,-0.018249,2.96,-0.0189717
12.6,0,0,12.6,-0.0259238,2.96,-0.026998
12.61,0,0,12.61,-0.0335908,2.96,-0.0350216
12.62,0,0,12.62,-0.0412507,2.96,-0.0430417
12.63,0,0,12.63,-0.0489017,2.96,-0.0510575
12.64,0,0,12.64,-0.0565428,2.96,-0.0590681
12.65,0,0,12.65,-0.0641733,2.96,-0.0670729
12.66,0,0,12.66,-0.0717937,2.96,-0.075071
12.67,0,0,12.67,-0.0794021,2.96,-0.0830615
12.68,0,0,12.68,-0.086999,2.96,-0.0910438
12.69,0,0,12.69,-0.0945829,2.96,-0.0990169
12.7,0,0,12.7,-0.102152,2.96,-0.10698
12.71,0,0,12.71,-0.109707,2.96,-0.114933
12.72,0,0,12.72,-0.117249,2.96,-0.122874
12.73,0,0,12.73,-0.124772,2.96,-0.130802
12.74,0,0,12.74,-0.132279,2.96,-0.138718
12.75,0,0,12.75,-0.139769,2.96,-0.14662
12.76,0,0,12.76,-0.147241,2.96,-0.154507
12.77,0,0,12.77,-0.154694,2.96,-0.162379
12.78,0,0,12.78,-0.162129,2.96,-0.170234
12.79,0,0,12.79,-0.169542,2.96,-0.178073
12.8,0,0,12.8,-0.176935,2.96,-0.185893
12.81,0,0,12.81,-0.184307,2.96,-0.193695
12.82,0,0,12.82,-0.191655,2.96,-0.201478
12.83,0,0,12.83,-0.198981,2.96,-0.209241
12.84,0,0,12.84,-0.206283,2.96,-0.216982
12.85,0,0,12.85,-0.213561,2.96,-0.224702
12.86,0,0,12.86,-0.220812,2.96,-0.2324
12.87,0,0,12.87,-0.22804,2.96,-0.240074
12.88,0,0,12.88,-0.235241,2.96,-0.247724
12.89,0,0,12.89,-0.242414,2.96,-0.255349
12.9,0,0,12.9,-0.249559,2.96,-0.262949
12.91,0,0,12.91,-0.256676,2.96,-0.270523
12.92,0,0,12.92,-0.263765,2.96,-0.278069
12.93,0,0,12.93,-0.270824,2.96,-0.285588
12.94,0,0,12.94,-0.277851,2.96,-0.293078
12.95,0,0,12.95,-0.284848,2.96,-0.300539
12.96,0,0,12.96,-0.291813,2.96,-0.30797
12.97,0,0,12.97,-0.298746,2.96,-0.31537
12.98,0,0,12.98,-0.305645,2.96,-0.322738
12.99,0,0,12.99,-0.312511,2.96,-0.330075
13,0,0,13,-0.319342,2.96,-0.337378
13.01,0,0,13.01,-0.326138,2.96,-0.344647
13.02,0,0,13.02,-0.332901,2.96,-0.351882
13.03,0,0,13.03,-0.339624,2.96,-0.359082
13.04,0,0,13.04,-0.346312,2.96,-0.366246
13.05,0,0,13.05,-0.352962,2.96,-0.373373
13.06,0,0,13.06,-0.359576,2.96,-0.380463
13.07,0,0,13.07,-0.366148,2.96,-0.387515
13.08,0,0,13.08,-0.372683,2.96,-0.394528
13.09,0,0,13.09,-0.379178,2.96,-0.401502
13.1,0,0,13.1,-0.38563,2.96,-0.408435
13.11,0,0,13.11,-0.392043,2.96,-0.415328
13.12,0,0,13.12,-0.398415,2.96,-0.422179
13.13,0,0,13.13,-0.404743,2.96,-0.428988
13.14,0,0,13.14,-0.41103,2.96,-0.435754
13.15,0,0,13.15,-0.417273,2.96,-0.442477
13.16,0,0,13.16,-0.42347,2.96,-0.449155
13.17,0,0,13.17,-0.429625,2.96,-0.455788
13.18,0,0,13.18,-0.435735,2.96,-0.462376
13.19,0,0,13.19,-0.441798,2.96,-0.468917
13.2,0,0,13.2,-0.447815,2.96,-0.475412
13.21,0,0,13.21,-0.453786,2.96,-0.481859
13.22,0,0,13.22,-0.459708,2.96,-0.488258
13.23,0,0,13.23,-0.465583,2.96,-0.494608
13.24,0,0,13.24,-0.47141,2.96,-0.500909
13.25,0,0,13.25,-0.477189,2.96,-0.507159
13.26,0,0,13.26,-0.482919,2.96,-0.513359
13.27,0,0,13.27,-0.488597,2.96,-0.519507
13.28,0,0,13.28,-0.494225,2.96,-0.525604
13.29,0,0,13.29,-0.499804,2.96,-0.531648
13.3,0,0,13.3,-0.505332,2.96,-0.537638
13.31,0,0,13.31,-0.510806,2.96,-0.543575
13.32,0,0,13.32,-0.516229,2.96,-0.549458
13.33,0,0,13.33,-0.521599,2.96,-0.555286
13.34,0,0,13.34,-0.526915,2.96,-0.561058
13.35,0,0,13.35,-0.532178,2.96,-0.566774
13.36,0,0,13.36,-0.537386,2.96,-0.572433
13.37,0,0,13.37,-0.542542,2.96,-0.578036
13.38,0,0,13.38,-0.54764,2.96,-0.58358
13.39,0,0,13.39,-0.552684,2.96,-0.589066
13.4,0,0,13.4,-0.557671,2.96,-0.594493
13.41,0,0,13.41,-0.562604,2.96,-0.599861
13.42,0,0,13.42,-0.567479,2.96,-0.605168
13.43,0,0,13.43,-0.572297,2.96,-0.610415
13.44,0,0,13.44,-0.577055,2.96,-0.615601
13.45,0,0,13.45,-0.581759,2.96,-0.620726
13.46,0,0,13.46,-0.586404,2.96,-0.625789
13.47,0,0,13.47,-0.590988,2.96,-0.630788
13.48,0,0,13.48,-0.595514,2.96,-0.635725
13.49,0,0,13.49,-0.599981,2.96,-0.640598
13.5,0,0,13.5,-0.604388,2.96,-0.645408
13.51,0,0,13.51,-0.608735,2.96,-0.650152
13.52,0,0,13.52,-0.613022,2.96,-0.654832
13.53,0,0,13.53,-0.617247,2.96,-0.659446
13.54,0,0,13.54,-0.621411,2.96,-0.663994
13.55,0,0,13.55,-0.625515,2.96,-0.668476
13.56,0,0,13.56,-0.629555,2.96,-0.672891
13.57,0,0,13.57,-0.633533,2.96,-0.677239
13.58,0,0,13.58,-0.637448,2.96,-0.681518
13.59,0,0,13.59,-0.641302,2.96,-0.68573
13.6,0,0,13.6,-0.645093,2.96,-0.689873
13.61,0,0,13.61,-0.648818,2.96,-0.693948
13.62,0,0,13.62,-0.652481,2.96,-0.697953
13.63,0,0,13.63,-0.656081,2.96,-0.701888
13.64,0,0,13.64,-0.659615,2.96,-0.705752
13.65,0,0,13.65,-0.663084,2.96,-0.709547
13.66,0,0,13.66,-0.666489,2.96,-0.71327
13.67,0,0,13.67,-0.669829,2.96,-0.716922
13.68,0,0,13.68,-0.673104,2.96,-0.720502
13.69,0,0,13.69,-0.676312,2.96,-0.724011
13.7,0,0,13.7,-0.679454,2.96,-0.727446
13.71,0,0,13.71,-0.682531,2.96,-0.730809
13.72,0,0,13.72,-0.685542,2.96,-0.7341
13.73,0,0,13.73,-0.688485,2.96,-0.737316
13.74,0,0,13.74,-0.691361,2.96,-0.740459
13.75,0,0,13.75,-0.694172,2.96,-0.743528
13.76,0,0,13.76,-0.696914,2.96,-0.746522
13.77,0,0,13.77,-0.699588,2.96,-0.749442
13.78,0,0,13.78,-0.702197,2.96,-0.752287
13.79,0,0,13.79,-0.704736,2.96,-0.755057
13.8,0,0,13.8,-0.707208,2.96,-0.757751
13.81,0,0,13.81,-0.709611,2.96,-0.760369
13.82,0,0,13.82,-0.711945,2.96,-0.762912
13.83,0,0,13.83,-0.714212,2.96,-0.765378
13.84,0,0,13.84,-0.716409,2.96,-0.767767
13.85,0,0,13.85,-0.718537,2.96,-0.77008
13.86,0,0,13.86,-0.720596,2.96,-0.772316
13.87,0,0,13.87,-0.722586,2.96,-0.774474
13.88,0,0,13.88,-0.724506,2.96,-0.776555
13.89,0,0,13.89,-0.726357,2.96,-0.778559
13.9,0,0,13.9,-0.728139,2.96,-0.780484
13.91,0,0,13.91,-0.729851,2.96,-0.782332
13.92,0,0,13.92,-0.731492,2.96,-0.784101
13.93,0,0,13.93,-0.733062,2.96,-0.785792
13.94,0,0,13.94,-0.734564,2.96,-0.787404
13.95,0,0,13.95,-0.735996,2.96,-0.788938
13.96,0,0,13.96,-0.737355,2.96,-0.790392
13.97,0,0,13.97,-0.738645,2.96,-0.791768
13.98,0,0,13.98,-0.739865,2.96,-0.793064
13.99,0,0,13.99,-0.741014,2.96,-0.794281
14,0,0,14,-0.742091,2.96,-0.795419
14.01,0,0,14.01,-0.743099,2.96,-0.796477
14.02,0,0,14.02,-0.744035,2.96,-0.797456
14.03,0,0,14.03,-0.744899,2.96,-0.798355
14.04,0,0,14.04,-0.745692,2.96,-0.799173
14.05,0,0,14.05,-0.746415,2.96,-0.799913
14.06,0,0,14.06,-0.747066,2.96,-0.800572
14.07,0,0,14.07,-0.747647,2.96,-0.801151
14.08,0,0,14.08,-0.748156,2.96,-0.801649
14.09,0,0,14.09,-0.748593,2.96,-0.802068
14.1,0,0,14.1,-0.74896,2.96,-0.802406
14.11,0,0,14.11,-0.749254,2.96,-0.802665
14.12,0,0,14.12,-0.749477,2.96,-0.802843
14.13,0,0,14.13,-0.749629,2.96,-0.80294
14.14,0,0,14.14,-0.749708,2.96,-0.802958
14.15,0,0,14.15,-0.749717,2.96,-0.802895
14.16,0,0,14.16,-0.749656,2.96,-0.802752
14.17,0,0,14.17,-0.749521,2.96,-0.802528
14.18,0,0,14.18,-0.749315,2.96,-0.802225
14.19,0,0,14.19,-0.749036,2.96,-0.801841
14.2,0,0,14.2,-0.748688,2.96,-0.801377
14.21,0,0,14.21,-0.748269,2.96,-0.800832
14.22,0,0,14.22,-0.747776,2.96,-0.800208
14.23,0,0,14.23,-0.747213,2.96,-0.799504
14.24,0,0,14.24,-0.746578,2.96,-0.798719
14.25,0,0,14.25,-0.745871,2.96,-0.797855
14.26,0,0,14.26,-0.745095,2.96,-0.796911
14.27,0,0,14.27,-0.744245,2.96,-0.795887
14.28,0,0,14.28,-0.743326,2.96,-0.794784
14.29,0,0,14.29,-0.742335,2.96,-0.793602
14.3,0,0,14.3,-0.741273,2.96,-0.792339
14.31,0,0,14.31,-0.740139,2.96,-0.790998
14.32,0,0,14.32,-0.738935,2.96,-0.789578
14.33,0,0,14.33,-0.737662,2.96,-0.788078
14.34,0,0,14.34,-0.736314,2.96,-0.7865
14.35,0,0,14.35,-0.734898,2.96,-0.784843
14.36,0,0,14.36,-0.733411,2.96,-0.783108
14.37,0,0,14.37,-0.731853,2.96,-0.781294
14.38,0,0,14.38,-0.730225,2.96,-0.779403
14.39,0,0,14.39,-0.728526,2.96,-0.777433
14.4,0,0,14.4,-0.726759,2.96,-0.775386
14.41,0,0,14.41,-0.72492,2.96,-0.773261
14.42,0,0,14.42,-0.723012,2.96,-0.771058
14.43,0,0,14.43,-0.721033,2.96,-0.768779
14.44,0,0,14.44,-0.718984,2.96,-0.766423
14.45,0,0,14.45,-0.716865,2.96,-0.76399
14.46,0,0,14.46,-0.714678,2.96,-0.76148
14.47,0,0,14.47,-0.712423,2.96,-0.758895
14.48,0,0,14.48,-0.710096,2.96,-0.756234
14.49,0,0,14.49,-0.707701,2.96,-0.753497
14.5,0,0,14.5,-0.705238,2.96,-0.750684
14.51,0,0,14.51,-0.702706,2.96,-0.747797
14.52,0,0,14.52,-0.700104,2.96,-0.744835
14.53,0,0,14.53,-0.697435,2.96,-0.741798
14.54,0,0,14.54,-0.694699,2.96,-0.738687
14.55,0,0,14.55,-0.691893,2.96,-0.735503
14.56,0,0,14.56,-0.689019,2.96,-0.732244
14.57,0,0,14.57,-0.686078,2.96,-0.728913
14.58,0,0,14.58,-0.683071,2.96,-0.725509
14.59,0,0,14.59,-0.679996,2.96,-0.722032
14.6,0,0,14.6,-0.676852,2.96,-0.718482
14.61,0,0,14.61,-0.673645,2.96,-0.714862
14.62,0,0,14.62,-0.670368,2.96,-0.711169
14.63,0,0,14.63,-0.667025,2.96,-0.707405
14.64,0,0,14.64,-0.663619,2.96,-0.703571
14.65,0,0,14.65,-0.660147,2.96,-0.699667
14.66,0,0,14.66,-0.656607,2.96,-0.695692
14.67,0,0,14.67,-0.653002,2.96,-0.691648
14.68,0,0,14.68,-0.649331,2.96,-0.687534
14.69,0,0,14.69,-0.645596,2.96,-0.683352
14.7,0,0,14.7,-0.641797,2.96,-0.679102
14.71,0,0,14.71,-0.637934,2.96,-0.674783
14.72,0,0,14.72,-0.634006,2.96,-0.670398
14.73,0,0,14.73,-0.630015,2.96,-0.665945
14.74,0,0,14.74,-0.625961,2.96,-0.661425
14.75,0,0,14.75,-0.621842,2.96,-0.65684
14.76,0,0,14.76,-0.617662,2.96,-0.652188
14.77,0,0,14.77,-0.613418,2.96,-0.647472
14.78,0,0,14.78,-0.609111,2.96,-0.642691
14.79,0,0,14.79,-0.604744,2.96,-0.637845
14.8,0,0,14.8,-0.600315,2.96,-0.632936
14.81,0,0,14.81,-0.595823,2.96,-0.627963
14.82,0,0,14.82,-0.591272,2.96,-0.622928
14.83,0,0,14.83,-0.586661,2.96,-0.61783
14.84,0,0,14.84,-0.581988,2.96,-0.612671
14.85,0,0,14.85,-0.577254,2.96,-0.60745
14.86,0,0,14.86,-0.572462,2.96,-0.602168
14.87,0,0,14.87,-0.567612,2.96,-0.596827
14.88,0,0,14.88,-0.5627,2.96,-0.591425
14.89,0,0,14.89,-0.557732,2.96,-0.585965
14.9,0,0,14.9,-0.552705,2.96,-0.580446
14.91,0,0,14.91,-0.547621,2.96,-0.574868
14.92,0,0,14.92,-0.542479,2.96,-0.569234
14.93,0,0,14.93,-0.537281,2.96,-0.563542
14.94,0,0,14.94,-0.532024,2.96,-0.557794
14.95,0,0,14.95,-0.526714,2.96,-0.551991
14.96,0,0,14.96,-0.521345,2.96,-0.546132
14.97,0,0,14.97,-0.515924,2.96,-0.540218
14.98,0,0,14.98,-0.510447,2.96,-0.534251
14.99,0,0,14.99,-0.504915,2.96,-0.52823
15,0,0,15,-0.499328,2.96,-0.522156
15.01,0,0,15.01,-0.49369,2.96,-0.51603
15.02,0,0,15.02,-0.487998,2.96,-0.509852
15.03,0,0,15.03,-0.482254,2.96,-0.503624
15.04,0,0,15.04,-0.476458,2.96,-0.497345
15.05,0,0,15.05,-0.47061,2.96,-0.491016
15.06,0,0,15.06,-0.464711,2.96,-0.484638
15.07,0,0,15.07,-0.458763,2.96,-0.478212
15.08,0,0,15.08,-0.452763,2.96,-0.471738
15.09,0,0,15.09,-0.446714,2.96,-0.465217
15.1,0,0,15.1,-0.440616,2.96,-0.458649
15.11,0,0,15.11,-0.43447,2.96,-0.452035
15.12,0,0,15.12,-0.428275,2.96,-0.445376
15.13,0,0,15.13,-0.422034,2.96,-0.438673
15.14,0,0,15.14,-0.415746,2.96,-0.431926
15.15,0,0,15.15,-0.409411,2.96,-0.425135
15.16,0,0,15.16,-0.403032,2.96,-0.418302
15.17,0,0,15.17,-0.396606,2.96,-0.411428
15.18,0,0,15.18,-0.390136,2.96,-0.404512
15.19,0,0,15.19,-0.383625,2.96,-0.397555
15.2,0,0,15.2,-0.377066,2.96,-0.390559
15.21,0,0,15.21,-0.370467,2.96,-0.383524
15.22,0,0,15.22,-0.363826,2.96,-0.37645
15.23,0,0,15.23,-0.357143,2.96,-0.369339
15.24,0,0,15.24,-0.350419,2.96,-0.362191
15.25,0,0,15.25,-0.343655,2.96,-0.355007
15.26,0,0,15.26,-0.336852,2.96,-0.347787
15.27,0,0,15.27,-0.330009,2.96,-0.340532
15.28,0,0,15.28,-0.32313,2.96,-0.333244
15.29,0,0,15.29,-0.316212,2.96,-0.325922
15.3,0,0,15.3,-0.309258,2.96,-0.318567
15.31,0,0,15.31,-0.302266,2.96,-0.311181
15.32,0,0,15.32,-0.29524,2.96,-0.303763
15.33,0,0,15.33,-0.288179,2.96,-0.296315
15.34,0,0,15.34,-0.281083,2.96,-0.288838
15.35,0,0,15.35,-0.273954,2.96,-0.281331
15.36,0,0,15.36,-0.266793,2.96,-0.273797
15.37,0,0,15.37,-0.259599,2.96,-0.266235
15.38,0,0,15.38,-0.252376,2.96,-0.258646
15.39,0,0,15.39,-0.24512,2.96,-0.251032
15.4,0,0,15.4,-0.237836,2.96,-0.243392
15.41,0,0,15.41,-0.230522,2.96,-0.235728
15.42,0,0,15.42,-0.22318,2.96,-0.228041
15.43,0,0,15.43,-0.21581,2.96,-0.220331
15.44,0,0,15.44,-0.208415,2.96,-0.212598
15.45,0,0,15.45,-0.200993,2.96,-0.204845
15.46,0,0,15.46,-0.193545,2.96,-0.197071
15.47,0,0,15.47,-0.186073,2.96,-0.189277
15.48,0,0,15.48,-0.178578,2.96,-0.181464
15.49,0,0,15.49,-0.171059,2.96,-0.173634
15.5,0,0,15.5,-0.163519,2.96,-0.165785
15.51,0,0,15.51,-0.155957,2.96,-0.157921
15.52,0,0,15.52,-0.148374,2.96,-0.15004
15.53,0,0,15.53,-0.140772,2.96,-0.142144
15.54,0,0,15.54,-0.133152,2.96,-0.134235
15.55,0,0,15.55,-0.125512,2.96,-0.126312
15.56,0,0,15.56,-0.117854,2.96,-0.118376
15.57,0,0,15.57,-0.110182,2.96,-0.110428
15.58,0,0,15.58,-0.102494,2.96,-0.102469
15.59,0,0,15.59,-0.0947893,2.96,-0.0945004
15.6,0,0,15.6,-0.0870724,2.96,-0.086522
15.61,0,0,15.61,-0.0793425,2.96,-0.0785349
15.62,0,0,15.62,-0.0715982,2.96,-0.07054
15.63,0,0,15.63,-0.0638436,2.96,-0.0625381
15.64,0,0,15.64,-0.0560781,2.96,-0.0545299
15.65,0,0,15.65,-0.0483039,2.96,-0.0465162
15.66,0,0,15.66,-0.0405181,2.96,-0.0384979
15.67,0,0,15.67,-0.0327253,2.96,-0.0304757
15.68,0,0,15.68,-0.0249245,2.96,-0.0224505
15.69,0,0,15.69,-0.0171194,2.96,-0.014423
15.7,0,0,15.7,-0.00930458,2.96,-0.00639413
15.71,0,0,15.71,-0.00148651,2.96,0.00163542
15.72,0,0,15.72,0.00633478,2.96,0.00966479
15.73,0,0,15.73,0.0141599,2.96,0.0176932
15.74,0,0,15.74,0.0219893,2.96,0.0257198
15.75,0,0,15.75,0.029819,2.96,0.0337439
15.76,0,0,15.76,0.0376494,2.96,0.0417646
15.77,0,0,15.77,0.0454784,2.96,0.0497811
15.78,0,0,15.78,0.0533078,2.96,0.0577927
15.79,0,0,15.79,0.0611355,2.96,0.0657984
15.8,0,0,15.8,0.0689617,2.96,0.0737976
15.81,0,0,15.81,0.0767835,2.96,0.0817894
15.82,0,0,15.82,0.0846019,2.96,0.089773
15.83,0,0,15.83,0.092416,2.96,0.0977477
15.84,0,0,15.84,0.100222,2.96,0.105713
15.85,0,0,15.85,0.108024,2.96,0.113667
15.86,0,0,15.86,0.115817,2.96,0.12161
15.87,0,0,15.87,0.123603,2.96,0.129541
15.88,0,0,15.88,0.131379,2.96,0.137458
15.89,0,0,15.89,0.139145,2.96,0.145362
15.9,0,0,15.9,0.146901,2.96,0.153252
15.91,0,0,15.91,0.154646,2.96,0.161126
15.92,0,0,15.92,0.162377,2.96,0.168984
15.93,0,0,15.93,0.170097,2.96,0.176826
15.94,0,0,15.94,0.177801,2.96,0.184649
15.95,0,0,15.95,0.185493,2.96,0.192454
15.96,0,0,15.96,0.193169,2.96,0.20024
15.97,0,0,15.97,0.200828,2.96,0.208006
15.98,0,0,15.98,0.20847,2.96,0.215751
15.99,0,0,15.99,0.216095,2.96,0.223474
16,0,0,16,0.2237,2.96,0.231175
16.01,0,0,16.01,0.231287,2.96,0.238853
16.02,0,0,16.02,0.238854,2.96,0.246507
16.03,0,0,16.03,0.2464,2.96,0.254137
16.04,0,0,16.04,0.253923,2.96,0.261741
16.05,0,0,16.05,0.261424,2.96,0.269318
16.06,0,0,16.06,0.268902,2.96,0.276869
16.07,0,0,16.07,0.276356,2.96,0.284392
16.08,0,0,16.08,0.283788,2.96,0.291887
16.09,0,0,16.09,0.291192,2.96,0.299353
16.1,0,0,16.1,0.29857,2.96,0.306788
16.11,0,0,16.11,0.30592,2.96,0.314193
16.12,0,0,16.12,0.313243,2.96,0.321567
16.13,0,0,16.13,0.320537,2.96,0.328908
16.14,0,0,16.14,0.327804,2.96,0.336217
16.15,0,0,16.15,0.33504,2.96,0.343492
16.16,0,0,16.16,0.342246,2.96,0.350732
16.17,0,0,16.17,0.349422,2.96,0.357938
16.18,0,0,16.18,0.356564,2.96,0.365107
16.19,0,0,16.19,0.363673,2.96,0.372241
16.2,0,0,16.2,0.370748,2.96,0.379336
16.21,0,0,16.21,0.377789,2.96,0.386394
16.22,0,0,16.22,0.384797,2.96,0.393414
16.23,0,0,16.23,0.391767,2.96,0.400394
16.24,0,0,16.24,0.398702,2.96,0.407334
16.25,0,0,16.25,0.4056,2.96,0.414233
16.26,0,0,16.26,0.41246,2.96,0.421091
16.27,0,0,16.27,0.419284,2.96,0.427907
16.28,0,0,16.28,0.426065,2.96,0.434679
16.29,0,0,16.29,0.432808,2.96,0.441409
16.3,0,0,16.3,0.43951,2.96,0.448094
16.31,0,0,16.31,0.446171,2.96,0.454735
16.32,0,0,16.32,0.452789,2.96,0.46133
16.33,0,0,16.33,0.459367,2.96,0.467879
16.34,0,0,16.34,0.465901,2.96,0.474381
16.35,0,0,16.35,0.47239,2.96,0.480835
16.36,0,0,16.36,0.478836,2.96,0.487242
16.37,0,0,16.37,0.485234,2.96,0.4936
16.38,0,0,16.38,0.491588,2.96,0.499908
16.39,0,0,16.39,0.497895,2.96,0.506167
16.4,0,0,16.4,0.504155,2.96,0.512375
16.41,0,0,16.41,0.510368,2.96,0.518531
16.42,0,0,16.42,0.516531,2.96,0.524636
16.43,0,0,16.43,0.522647,2.96,0.530689
16.44,0,0,16.44,0.528713,2.96,0.536688
16.45,0,0,16.45,0.534726,2.96,0.542634
16.46,0,0,16.46,0.540689,2.96,0.548525
16.47,0,0,16.47,0.546601,2.96,0.554361
16.48,0,0,16.48,0.552458,2.96,0.560142
16.49,0,0,16.49,0.558265,2.96,0.565867
16.5,0,0,16.5,0.564018,2.96,0.571536
16.51,0,0,16.51,0.569716,2.96,0.577147
16.52,0,0,16.52,0.57536,2.96,0.582701
16.53,0,0,16.53,0.580948,2.96,0.588196
16.54,0,0,16.54,0.586479,2.96,0.593633
16.55,0,0,16.55,0.591954,2.96,0.59901
16.56,0,0,16.56,0.597372,2.96,0.604327
16.57,0,0,16.57,0.60273,2.96,0.609584
16.58,0,0,16.58,0.60803,2.96,0.61478
16.59,0,0,16.59,0.613274,2.96,0.619914
16.6,0,0,16.6,0.618456,2.96,0.624986
16.61,0,0,16.61,0.623577,2.96,0.629996
16.62,0,0,16.62,0.628638,2.96,0.634943
16.63,0,0,16.63,0.633635,2.96,0.639827
16.64,0,0,16.64,0.638571,2.96,0.644646
16.65,0,0,16.65,0.643445,2.96,0.649401
16.66,0,0,16.66,0.648256,2.96,0.654091
16.67,0,0,16.67,0.653001,2.96,0.658715
16.68,0,0,16.68,0.657683,2.96,0.663274
16.69,0,0,16.69,0.662301,2.96,0.667767
16.7,0,0,16.7,0.666852,2.96,0.672192
16.71,0,0,16.71,0.671336,2.96,0.676551
16.72,0,0,16.72,0.675752,2.96,0.680841
16.73,0,0,16.73,0.680103,2.96,0.685064
16.74,0,0,16.74,0.684386,2.96,0.689218
16.75,0,0,16.75,0.688601,2.96,0.693303
16.76,0,0,16.76,0.692745,2.96,0.697319
16.77,0,0,16.77,0.696821,2.96,0.701266
16.78,0,0,16.78,0.700826,2.96,0.705142
16.79,0,0,16.79,0.70476,2.96,0.708947
16.8,0,0,16.8,0.708623,2.96,0.712682
16.81,0,0,16.81,0.712415,2.96,0.716345
16.82,0,0,16.82,0.716134,2.96,0.719937
16.83,0,0,16.83,0.719782,2.96,0.723457
16.84,0,0,16.84,0.723355,2.96,0.726904
16.85,0,0,16.85,0.726856,2.96,0.730279
16.86,0,0,16.86,0.730282,2.96,0.73358
16.87,0,0,16.87,0.733633,2.96,0.736809
16.88,0,0,16.88,0.736908,2.96,0.739963
16.89,0,0,16.89,0.740109,2.96,0.743044
16.9,0,0,16.9,0.743233,2.96,0.74605
16.91,0,0,16.91,0.746281,2.96,0.748982
16.92,0,0,16.92,0.749252,2.96,0.751839
16.93,0,0,16.93,0.752144,2.96,0.754621
16.94,0,0,16.94,0.754961,2.96,0.757327
16.95,0,0,16.95,0.757698,2.96,0.759957
16.96,0,0,16.96,0.760356,2.96,0.762512
16.97,0,0,16.97,0.762936,2.96,0.76499
16.98,0,0,16.98,0.765437,2.96,0.767392
16.99,0,0,16.99,0.767857,2.96,0.769717
17,0,0,17,0.770197,2.96,0.771965
17.01,0,0,17.01,0.772457,2.96,0.774136
17.02,0,0,17.02,0.774635,2.96,0.776229
17.03,0,0,17.03,0.776733,2.96,0.778245
17.04,0,0,17.04,0.778748,2.96,0.780183
17.05,0,0,17.05,0.780681,2.96,0.782043
17.06,0,0,17.06,0.782535,2.96,0.783824
17.07,0,0,17.07,0.784303,2.96,0.785528
17.08,0,0,17.08,0.78599,2.96,0.787153
17.09,0,0,17.09,0.787593,2.96,0.788699
17.1,0,0,17.1,0.789113,2.96,0.790166
17.11,0,0,17.11,0.790549,2.96,0.791554
17.12,0,0,17.12,0.791901,2.96,0.792863
17.13,0,0,17.13,0.793169,2.96,0.794093
17.14,0,0,17.14,0.794354,2.96,0.795243
17.15,0,0,17.15,0.795452,2.96,0.796314
17.16,0,0,17.16,0.796467,2.96,0.797305
17.17,0,0,17.17,0.797397,2.96,0.798217
17.18,0,0,17.18,0.798242,2.96,0.799048
17.19,0,0,17.19,0.799002,2.96,0.7998
17.2,0,0,17.2,0.799676,2.96,0.800472
17.21,0,0,17.21,0.800264,2.96,0.801064
17.22,0,0,17.22,0.800767,2.96,0.801575
17.23,0,0,17.23,0.801185,2.96,0.802007
17.24,0,0,17.24,0.801517,2.96,0.802358
17.25,0,0,17.25,0.801763,2.96,0.802629
17.26,0,0,17.26,0.801922,2.96,0.80282
17.27,0,0,17.27,0.801996,2.96,0.80293
17.28,0,0,17.28,0.801984,2.96,0.80296
17.29,0,0,17.29,0.801886,2.96,0.80291
17.3,0,0,17.3,0.801702,2.96,0.80278
17.31,0,0,17.31,0.801431,2.96,0.802569
17.32,0,0,17.32,0.801077,2.96,0.802278
17.33,0,0,17.33,0.800635,2.96,0.801907
17.34,0,0,17.34,0.800105,2.96,0.801456
17.35,0,0,17.35,0.799494,2.96,0.800924
17.36,0,0,17.36,0.798793,2.96,0.800313
17.37,0,0,17.37,0.798009,2.96,0.799621
17.38,0,0,17.38,0.797138,2.96,0.79885
17.39,0,0,17.39,0.796184,2.96,0.797998
17.4,0,0,17.4,0.795143,2.96,0.797067
17.41,0,0,17.41,0.794017,2.96,0.796056
17.42,0,0,17.42,0.792807,2.96,0.794965
17.43,0,0,17.43,0.791511,2.96,0.793795
17.44,0,0,17.44,0.790131,2.96,0.792546
17.45,0,0,17.45,0.788668,2.96,0.791217
17.46,0,0,17.46,0.78712,2.96,0.789809
17.47,0,0,17.47,0.785487,2.96,0.788322
17.48,0,0,17.48,0.783771,2.96,0.786757
17.49,0,0,17.49,0.781972,2.96,0.785113
17.5,0,0,17.5,0.780089,2.96,0.78339
17.51,0,0,17.51,0.778126,2.96,0.781588
17.52,0,0,17.52,0.776078,2.96,0.779709
17.53,0,0,17.53,0.773948,2.96,0.777752
17.54,0,0,17.54,0.771737,2.96,0.775717
17.55,0,0,17.55,0.769444,2.96,0.773604
17.56,0,0,17.56,0.767071,2.96,0.771414
17.57,0,0,17.57,0.764617,2.96,0.769147
17.58,0,0,17.58,0.762081,2.96,0.766803
17.59,0,0,17.59,0.759466,2.96,0.764382
17.6,0,0,17.6,0.756771,2.96,0.761885
17.61,0,0,17.61,0.753997,2.96,0.759312
17.62,0,0,17.62,0.751144,2.96,0.756663
17.63,0,0,17.63,0.748212,2.96,0.753938
17.64,0,0,17.64,0.745202,2.96,0.751137
17.65,0,0,17.65,0.742116,2.96,0.748262
17.66,0,0,17.66,0.738952,2.96,0.745311
17.67,0,0,17.67,0.73571,2.96,0.742287
17.68,0,0,17.68,0.732393,2.96,0.739188
17.69,0,0,17.69,0.729,2.96,0.736015
17.7,0,0,17.7,0.725532,2.96,0.732768
17.71,0,0,17.71,0.721989,2.96,0.729448
17.72,0,0,17.72,0.718373,2.96,0.726056
17.73,0,0,17.73,0.714683,2.96,0.72259
17.74,0,0,17.74,0.710917,2.96,0.719053
17.75,0,0,17.75,0.707079,2.96,0.715443
17.76,0,0,17.76,0.703171,2.96,0.711762
17.77,0,0,17.77,0.69919,2.96,0.70801
17.78,0,0,17.78,0.695138,2.96,0.704187
17.79,0,0,17.79,0.691014,2.96,0.700293
17.8,0,0,17.8,0.686821,2.96,0.69633
17.81,0,0,17.81,0.682559,2.96,0.692296
17.82,0,0,17.82,0.678228,2.96,0.688194
17.83,0,0,17.83,0.673827,2.96,0.684023
17.84,0,0,17.84,0.669358,2.96,0.679783
17.85,0,0,17.85,0.664822,2.96,0.675476
17.86,0,0,17.86,0.66022,2.96,0.671101
17.87,0,0,17.87,0.655552,2.96,0.666658
17.88,0,0,17.88,0.650817,2.96,0.662149
17.89,0,0,17.89,0.646018,2.96,0.657574
17.9,0,0,17.9,0.641153,2.96,0.652933
17.91,0,0,17.91,0.636226,2.96,0.648227
17.92,0,0,17.92,0.631235,2.96,0.643456
17.93,0,0,17.93,0.62618,2.96,0.638621
17.94,0,0,17.94,0.621063,2.96,0.633722
17.95,0,0,17.95,0.615885,2.96,0.628759
17.96,0,0,17.96,0.610647,2.96,0.623734
17.97,0,0,17.97,0.605347,2.96,0.618646
17.98,0,0,17.98,0.599987,2.96,0.613496
17.99,0,0,17.99,0.594569,2.96,0.608285
18,0,0,18,0.589092,2.96,0.603014
18.01,0,0,18.01,0.583557,2.96,0.597681
18.02,0,0,18.02,0.577963,2.96,0.592289
18.03,0,0,18.03,0.572314,2.96,0.586838
18.04,0,0,18.04,0.566608,2.96,0.581328
18.05,0,0,18.05,0.560848,2.96,0.57576
18.06,0,0,18.06,0.555033,2.96,0.570135
18.07,0,0,18.07,0.549161,2.96,0.564452
18.08,0,0,18.08,0.543237,2.96,0.558713
18.09,0,0,18.09,0.537258,2.96,0.552919
18.1,0,0,18.1,0.531229,2.96,0.547068
18.11,0,0,18.11,0.525147,2.96,0.541164
18.12,0,0,18.12,0.519013,2.96,0.535205
18.13,0,0,18.13,0.51283,2.96,0.529192
18.14,0,0,18.14,0.506597,2.96,0.523127
18.15,0,0,18.15,0.500314,2.96,0.517009
18.16,0,0,18.16,0.493981,2.96,0.51084
18.17,0,0,18.17,0.487601,2.96,0.504619
18.18,0,0,18.18,0.481175,2.96,0.498348
18.19,0,0,18.19,0.4747,2.96,0.492027
18.2,0,0,18.2,0.46818,2.96,0.485657
18.21,0,0,18.21,0.461616,2.96,0.479239
18.22,0,0,18.22,0.455004,2.96,0.472772
18.23,0,0,18.23,0.448348,2.96,0.466258
18.24,0,0,18.24,0.441649,2.96,0.459698
18.25,0,0,18.25,0.434909,2.96,0.453092
18.26,0,0,18.26,0.428125,2.96,0.44644
18.27,0,0,18.27,0.421299,2.96,0.439744
18.28,0,0,18.28,0.414433,2.96,0.433003
18.29,0,0,18.29,0.407526,2.96,0.42622
18.3,0,0,18.3,0.40058,2.96,0.419393
18.31,0,0,18.31,0.393597,2.96,0.412525
18.32,0,0,18.32,0.386573,2.96,0.405616
18.33,0,0,18.33,0.379513,2.96,0.398666
18.34,0,0,18.34,0.372415,2.96,0.391676
18.35,0,0,18.35,0.365281,2.96,0.384647
18.36,0,0,18.36,0.358114,2.96,0.37758
18.37,0,0,18.37,0.350909,2.96,0.370474
18.38,0,0,18.38,0.343673,2.96,0.363332
18.39,0,0,18.39,0.336399,2.96,0.356153
18.4,0,0,18.4,0.329097,2.96,0.348939
18.41,0,0,18.41,0.321762,2.96,0.34169
18.42,0,0,18.42,0.314394,2.96,0.334407
18.43,0,0,18.43,0.306997,2.96,0.32709
18.44,0,0,18.44,0.29957,2.96,0.319741
18.45,0,0,18.45,0.292116,2.96,0.312359
18.46,0,0,18.46,0.284632,2.96,0.304947
18.47,0,0,18.47,0.277119,2.96,0.297504
18.48,0,0,18.48,0.269582,2.96,0.290031
18.49,0,0,18.49,0.262018,2.96,0.282529
18.5,0,0,18.5,0.254427,2.96,0.274999
18.51,0,0,18.51,0.246814,2.96,0.267441
18.52,0,0,18.52,0.239177,2.96,0.259857
18.53,0,0,18.53,0.231514,2.96,0.252246
18.54,0,0,18.54,0.22383,2.96,0.244611
18.55,0,0,18.55,0.216128,2.96,0.236951
18.56,0,0,18.56,0.208403,2.96,0.229267
18.57,0,0,18.57,0.200657,2.96,0.22156
18.58,0,0,18.58,0.192895,2.96,0.213831
18.59,0,0,18.59,0.185111,2.96,0.206081
18.6,0,0,18.6,0.177313,2.96,0.19831
18.61,0,0,18.61,0.169496,2.96,0.19052
18.62,0,0,18.62,0.161666,2.96,0.18271
18.63,0,0,18.63,0.153819,2.96,0.174882
18.64,0,0,18.64,0.145961,2.96,0.167036
18.65,0,0,18.65,0.138084,2.96,0.159174
18.66,0,0,18.66,0.130197,2.96,0.151296
18.67,0,0,18.67,0.122299,2.96,0.143403
18.68,0,0,18.68,0.11439,2.96,0.135495
18.69,0,0,18.69,0.106469,2.96,0.127574
18.7,0,0,18.7,0.0985412,2.96,0.11964
18.71,0,0,18.71,0.0906058,2.96,0.111695
18.72,0,0,18.72,0.0826614,2.96,0.103738
18.73,0,0,18.73,0.0747134,2.96,0.0957702
18.74,0,0,18.74,0.0667549,2.96,0.0877933
18.75,0,0,18.75,0.0587924,2.96,0.0798075
18.76,0,0,18.76,0.0508272,2.96,0.0718138
18.77,0,0,18.77,0.042859,2.96,0.0638129
18.78,0,0,18.78,0.0348874,2.96,0.0558057
18.79,0,0,18.79,0.0269159,2.96,0.0477928
18.8,0,0,18.8,0.018945,2.96,0.0397752
18.81,0,0,18.81,0.010973,2.96,0.0317536
18.82,0,0,18.82,0.00300133,2.96,0.0237288
18.83,0,0,18.83,-0.00496643,2.96,0.0157016
18.84,0,0,18.84,-0.0129331,2.96,0.00767292
